update,step,episodes,success_rate,mean_len,pg_loss,v_loss,approx_kl,clipfrac,std,mean_abs_delta,sps
1,2048,11,0.6363636363636364,164.36363636363637,-0.0046081505715847015,0.015912003815174103,0.008682694207527675,0.12080078125,0.36732783913612366,0.026970114558935165,16.1
2,4096,9,0.5555555555555556,181.11111111111111,-0.028789542615413666,0.004293323960155249,0.0112061856983928,0.166162109375,0.36673855781555176,0.032626401633024216,16.0
3,6144,11,0.45454545454545453,204.63636363636363,-0.011831134557723999,0.004944818094372749,0.012184840202098712,0.1873046875,0.36559876799583435,0.03881682828068733,15.8
4,8192,8,0.25,258.125,-0.019604381173849106,0.004427157808095217,0.00964314068260137,0.143212890625,0.36501163244247437,0.045755092054605484,16.2
5,10240,11,0.5454545454545454,201.54545454545453,-0.019039344042539597,0.00830506905913353,0.011938716541044414,0.174951171875,0.3655705749988556,0.05164993554353714,13.5
6,12288,11,0.6363636363636364,167.0909090909091,-0.019663427025079727,0.002709350548684597,0.011877461391850374,0.175341796875,0.3640322685241699,0.05958765745162964,12.6
7,14336,11,0.5454545454545454,185.9090909090909,-0.020913854241371155,0.0032924667466431856,0.012274430264369585,0.17705078125,0.363751620054245,0.06319177150726318,11.9
8,16384,12,0.4166666666666667,204.5,-0.022570164874196053,0.0023189042694866657,0.012725902267266064,0.197119140625,0.36323481798171997,0.06803195178508759,11.1
9,18432,12,0.8333333333333334,134.5,-0.03721514344215393,0.0037461621686816216,0.011307674084673636,0.16650390625,0.3640003204345703,0.07256186008453369,8.8
10,20480,11,0.5454545454545454,183.0,-0.016890965402126312,0.0019421182805672288,0.010686081467429175,0.15927734375,0.363725483417511,0.07483268529176712,10.6
11,22528,11,0.45454545454545453,200.63636363636363,-0.027877729386091232,0.002427814994007349,0.010585452857776545,0.158544921875,0.3641301989555359,0.07714792340993881,12.0
12,24576,11,0.6363636363636364,181.72727272727272,-0.0261978916823864,0.006824570707976818,0.0111866725346772,0.168408203125,0.3633391261100769,0.08475681394338608,11.8
13,26624,14,0.7142857142857143,163.0,-0.01908245123922825,0.0043481807224452496,0.013327527162618934,0.200244140625,0.36215490102767944,0.0910445973277092,11.1
14,28672,11,0.7272727272727273,155.27272727272728,-0.024805396795272827,0.003350878367200494,0.010997185861924663,0.165478515625,0.362278014421463,0.0927116796374321,9.4
15,30720,10,0.4,209.4,-0.02727629244327545,0.002869286108762026,0.012169535661814734,0.183056640625,0.3626350462436676,0.08987478911876678,11.4
16,32768,17,0.7647058823529411,139.47058823529412,-0.010300233960151672,0.002430414780974388,0.011323701700894162,0.17041015625,0.36130040884017944,0.0998954176902771,11.1
17,34816,12,0.75,143.91666666666666,-0.02621597796678543,0.0018983108457177877,0.013388521355227567,0.20009765625,0.3614545464515686,0.10814380645751953,10.4
18,36864,14,0.7142857142857143,155.85714285714286,-0.025397971272468567,0.004045167937874794,0.01181329951796215,0.17744140625,0.3613993525505066,0.10995960235595703,9.7
19,38912,12,0.75,159.5,-0.027642613276839256,0.0030784958507865667,0.011685887636849657,0.174951171875,0.35994285345077515,0.11198286712169647,14.1
20,40960,10,0.4,210.5,-0.01988814026117325,0.001602119766175747,0.011566471483092755,0.175390625,0.35912227630615234,0.10879290103912354,13.1
21,43008,11,0.45454545454545453,210.63636363636363,-0.009616831317543983,0.003229315159842372,0.01449877345294226,0.219287109375,0.3584776520729065,0.11093354225158691,13.0
22,45056,12,0.6666666666666666,161.0,-0.011803239583969116,0.0025453565176576376,0.012050937279127538,0.17685546875,0.3579854965209961,0.11131858080625534,13.6
23,47104,14,0.7857142857142857,139.85714285714286,-0.03961347043514252,0.0023265723139047623,0.01372025417513214,0.210791015625,0.3576924800872803,0.11363229900598526,13.2
24,49152,11,0.6363636363636364,173.0909090909091,-0.007913477718830109,0.0035374502185732126,0.011472003196831792,0.15830078125,0.35755035281181335,0.1123574823141098,11.2
25,51200,12,0.5833333333333334,176.91666666666666,-0.014595286920666695,0.0019023199565708637,0.012490903606521896,0.180078125,0.35638898611068726,0.11309606581926346,12.6
26,53248,15,0.7333333333333333,146.8,-0.011580685153603554,0.002351089846342802,0.012348965601995587,0.193701171875,0.35601040720939636,0.10784243047237396,13.0
27,55296,14,0.7142857142857143,147.35714285714286,-0.019649222493171692,0.0015003171283751726,0.011383973946794867,0.166455078125,0.35531407594680786,0.10051163285970688,13.9
28,57344,12,0.6666666666666666,163.66666666666666,-0.01689593866467476,0.004723785910755396,0.0121415830362821,0.17978515625,0.35405853390693665,0.10641471296548843,14.1
29,59392,11,0.6363636363636364,163.72727272727272,-0.031093593686819077,0.002454823814332485,0.013316067299456336,0.195263671875,0.35431066155433655,0.11012382060289383,14.2
30,61440,14,0.7142857142857143,146.85714285714286,-0.020164646208286285,0.002447299426421523,0.012339512535254471,0.182861328125,0.35259178280830383,0.10568451881408691,13.8
31,63488,13,0.6923076923076923,170.92307692307693,-0.005852295085787773,0.005748250987380743,0.011868587549543008,0.176513671875,0.35326558351516724,0.11209305375814438,14.1
32,65536,13,0.6153846153846154,167.15384615384616,-0.01164962723851204,0.003966913558542728,0.013424839003710077,0.19853515625,0.3521643280982971,0.10943274199962616,13.6
33,67584,10,0.7,148.0,-0.024420790374279022,0.002801470458507538,0.013554577992181294,0.203369140625,0.3520564138889313,0.11935821920633316,12.1
34,69632,12,0.3333333333333333,217.25,-0.014099962078034878,0.002219120506197214,0.016031649317301343,0.218896484375,0.3534240126609802,0.12717214226722717,12.0
35,71680,16,0.8125,130.0625,-0.029348207637667656,0.0020652366802096367,0.01728593700681813,0.241455078125,0.3537611961364746,0.12869836390018463,11.1
36,73728,11,0.6363636363636364,167.36363636363637,-0.010861653834581375,0.0026991041377186775,0.011703446091269143,0.1734375,0.3555477261543274,0.13534829020500183,12.0
37,75776,13,0.7692307692307693,151.23076923076923,-0.036102794110774994,0.004411282483488321,0.011692752157978248,0.17841796875,0.3555753231048584,0.13204516470432281,10.2
38,77824,12,0.6666666666666666,162.66666666666666,-0.03416827693581581,0.003267828607931733,0.01358491575665539,0.20341796875,0.35489967465400696,0.13476090133190155,10.5
39,79872,12,0.4166666666666667,200.58333333333334,-0.009370743297040462,0.0014407722046598792,0.014188985613873228,0.20615234375,0.35477083921432495,0.1311563104391098,11.5
40,81920,15,0.8,140.46666666666667,-0.018758196383714676,0.004265843890607357,0.012685977369255853,0.181787109375,0.35486072301864624,0.13190342485904694,9.5
41,83968,12,0.5833333333333334,168.75,-0.021629296243190765,0.0019057962344959378,0.013151964453572872,0.193310546875,0.3549850285053253,0.1269756704568863,9.2
42,86016,16,0.8125,128.5625,-0.02687802165746689,0.0032828645780682564,0.013281176261079964,0.19560546875,0.35465413331985474,0.12605099380016327,14.7
43,88064,11,0.7272727272727273,143.36363636363637,-0.019463589414954185,0.0017871824093163013,0.00939051002933411,0.14140625,0.35361534357070923,0.12419309467077255,16.2
44,90112,13,0.5384615384615384,178.46153846153845,-0.025647595524787903,0.002447577193379402,0.010188180074328557,0.148583984375,0.35257095098495483,0.13355296850204468,15.5
45,92160,16,0.8125,129.1875,-0.018271304666996002,0.0022190336603671312,0.011349714256357401,0.17314453125,0.3517075181007385,0.11945401132106781,15.3
46,94208,15,0.7333333333333333,145.0,-0.0193568654358387,0.003450236050412059,0.011955176224000752,0.18330078125,0.3504713475704193,0.1283094435930252,15.4
47,96256,11,0.6363636363636364,159.0,-0.01635790802538395,0.0030971148516982794,0.012748546998773235,0.190625,0.35121747851371765,0.13148990273475647,14.7
48,98304,17,0.7058823529411765,145.7058823529412,-0.019454721361398697,0.003279141616076231,0.013114743991172873,0.19150390625,0.35155007243156433,0.13396096229553223,14.5
49,100352,14,0.7857142857142857,129.21428571428572,-0.02380799502134323,0.0020211022347211838,0.012633163869031705,0.183056640625,0.3507435619831085,0.13513363897800446,14.7
