task_id,k,n,rate,lo,hi
0,10,10,1.0,0.7224598312333834,1.0
1,6,10,0.6,0.3126695474501864,0.8318224187964902
2,7,10,0.7,0.39677321997956516,0.892210712513788
3,6,10,0.6,0.3126695474501864,0.8318224187964902
4,4,10,0.4,0.16817758120350967,0.6873304525498135
5,1,10,0.1,0.01787574951572113,0.4041563854975721
6,8,10,0.8,0.49015684672072335,0.9433190520193067
7,8,10,0.8,0.49015684672072335,0.9433190520193067
8,2,10,0.2,0.056680947980693314,0.5098431532792765
9,7,10,0.7,0.39677321997956516,0.892210712513788
