task_id,magnitude,k,n,rate,lo,hi
0,0.0,5,5,1.0,0.5655085052479191,1.0
0,0.05,1,5,0.2,0.03622316096978745,0.6244717358814613
0,0.1,2,5,0.4,0.1176182311592533,0.769280067791163
0,0.15,2,5,0.4,0.1176182311592533,0.769280067791163
0,0.2,1,5,0.2,0.03622316096978745,0.6244717358814613
1,0.0,3,5,0.6,0.23071993220883708,0.8823817688407467
1,0.05,0,5,0.0,0.0,0.43449149475208104
1,0.1,2,5,0.4,0.1176182311592533,0.769280067791163
1,0.15,1,5,0.2,0.03622316096978745,0.6244717358814613
1,0.2,1,5,0.2,0.03622316096978745,0.6244717358814613
2,0.0,5,5,1.0,0.5655085052479191,1.0
2,0.05,2,5,0.4,0.1176182311592533,0.769280067791163
2,0.1,1,5,0.2,0.03622316096978745,0.6244717358814613
2,0.15,0,5,0.0,0.0,0.43449149475208104
2,0.2,0,5,0.0,0.0,0.43449149475208104
3,0.0,5,5,1.0,0.5655085052479191,1.0
3,0.05,1,5,0.2,0.03622316096978745,0.6244717358814613
3,0.1,0,5,0.0,0.0,0.43449149475208104
3,0.15,0,5,0.0,0.0,0.43449149475208104
3,0.2,0,5,0.0,0.0,0.43449149475208104
4,0.0,1,5,0.2,0.03622316096978745,0.6244717358814613
4,0.05,5,5,1.0,0.5655085052479191,1.0
4,0.1,1,5,0.2,0.03622316096978745,0.6244717358814613
4,0.15,0,5,0.0,0.0,0.43449149475208104
4,0.2,0,5,0.0,0.0,0.43449149475208104
5,0.0,1,5,0.2,0.03622316096978745,0.6244717358814613
5,0.05,1,5,0.2,0.03622316096978745,0.6244717358814613
5,0.1,0,5,0.0,0.0,0.43449149475208104
5,0.15,0,5,0.0,0.0,0.43449149475208104
5,0.2,1,5,0.2,0.03622316096978745,0.6244717358814613
6,0.0,4,5,0.8,0.3755282641185388,0.9637768390302125
6,0.05,1,5,0.2,0.03622316096978745,0.6244717358814613
6,0.1,0,5,0.0,0.0,0.43449149475208104
6,0.15,1,5,0.2,0.03622316096978745,0.6244717358814613
6,0.2,0,5,0.0,0.0,0.43449149475208104
7,0.0,4,5,0.8,0.3755282641185388,0.9637768390302125
7,0.05,1,5,0.2,0.03622316096978745,0.6244717358814613
7,0.1,1,5,0.2,0.03622316096978745,0.6244717358814613
7,0.15,0,5,0.0,0.0,0.43449149475208104
7,0.2,1,5,0.2,0.03622316096978745,0.6244717358814613
8,0.0,1,5,0.2,0.03622316096978745,0.6244717358814613
8,0.05,0,5,0.0,0.0,0.43449149475208104
8,0.1,0,5,0.0,0.0,0.43449149475208104
8,0.15,0,5,0.0,0.0,0.43449149475208104
8,0.2,0,5,0.0,0.0,0.43449149475208104
9,0.0,4,5,0.8,0.3755282641185388,0.9637768390302125
9,0.05,3,5,0.6,0.23071993220883708,0.8823817688407467
9,0.1,1,5,0.2,0.03622316096978745,0.6244717358814613
9,0.15,0,5,0.0,0.0,0.43449149475208104
9,0.2,0,5,0.0,0.0,0.43449149475208104
