magnitude,k,n,rate,lo,hi
0.0,33,50,0.66,0.5215356854148285,0.7756323036493895
7.5,28,50,0.56,0.4230578680014353,0.6883801278976466
15.0,22,50,0.44,0.3116198721023534,0.5769421319985648
22.5,20,50,0.4,0.2760818978624575,0.5381881089724063
30.0,18,50,0.36,0.24138562967182875,0.49859237989698046
37.5,17,50,0.34,0.2243676963506106,0.47846431458517147
45.0,15,50,0.3,0.1910338908960936,0.4375061227736339
52.5,10,50,0.2,0.11243629945973886,0.3303737210448524
60.0,13,50,0.26,0.15871379651367384,0.3955342198899992
