magnitude,sign,k,n,rate,lo,hi
7.5,-1,11,20,0.55,0.3420820083075997,0.7418049791429071
7.5,1,17,30,0.5666666666666667,0.3919700954540873,0.7262276256938489
15.0,-1,9,20,0.45,0.25819502085709295,0.6579179916924003
15.0,1,13,30,0.43333333333333335,0.2737723743061511,0.6080299045459127
22.5,-1,6,20,0.3,0.14547527396899385,0.5189767762289793
22.5,1,14,30,0.4666666666666667,0.30232127224128236,0.6385798671847496
30.0,-1,5,20,0.25,0.11186005278940309,0.4687050099580636
30.0,1,13,30,0.43333333333333335,0.2737723743061511,0.6080299045459127
37.5,-1,3,6,0.5,0.18761280689940868,0.8123871931005913
37.5,1,7,10,0.7,0.39677321997956516,0.892210712513788
45.0,-1,4,6,0.6666666666666666,0.29998832134152864,0.9032306674407831
45.0,1,6,10,0.6,0.3126695474501864,0.8318224187964902
52.5,-1,3,6,0.5,0.18761280689940868,0.8123871931005913
52.5,1,4,9,0.4444444444444444,0.188775429471914,0.7333526542559703
60.0,-1,4,6,0.6666666666666666,0.29998832134152864,0.9032306674407831
60.0,1,5,9,0.5555555555555556,0.2666473457440297,0.811224570528086
