suite,task_id,condition,intensity,variant,episode,perturbation,magnitude,unit,sign,instruction,success,steps,n_policy_calls,duration_s,reset_s,policy_s,seed,n_action_steps,resolution,residual,config,git_commit,lerobot_version,checkpoint_revision,device,date
libero_goal,0,clean,0.0000,,0,none,0.0,,,open the middle drawer of the cabinet,1,127,3,32.12,11.28,10.61,0,50,360,,baseline_goal,367b3ae,0.6.1,31d453f7edd7,mps-arm64-Apple_M1,2026-10-04T15:23:11
libero_goal,0,clean,0.0000,,1,none,0.0,,,open the middle drawer of the cabinet,1,123,3,18.75,3.09,7.28,1,50,360,,baseline_goal,367b3ae,0.6.1,31d453f7edd7,mps-arm64-Apple_M1,2026-10-04T15:23:32
libero_goal,0,clean,0.0000,,2,none,0.0,,,open the middle drawer of the cabinet,1,124,3,22.18,4.36,8.67,2,50,360,,baseline_goal,367b3ae,0.6.1,31d453f7edd7,mps-arm64-Apple_M1,2026-10-04T15:23:54
libero_goal,0,clean,0.0000,,3,none,0.0,,,open the middle drawer of the cabinet,1,124,3,20.38,3.06,8.11,3,50,360,,baseline_goal,367b3ae,0.6.1,31d453f7edd7,mps-arm64-Apple_M1,2026-10-04T15:24:14
libero_goal,0,clean,0.0000,,4,none,0.0,,,open the middle drawer of the cabinet,1,128,3,26.35,3.5,12.02,4,50,360,,baseline_goal,367b3ae,0.6.1,31d453f7edd7,mps-arm64-Apple_M1,2026-10-04T15:24:41
libero_goal,0,clean,0.0000,,5,none,0.0,,,open the middle drawer of the cabinet,1,129,3,22.76,4.19,9.01,5,50,360,,baseline_goal,367b3ae,0.6.1,31d453f7edd7,mps-arm64-Apple_M1,2026-10-04T15:25:03
libero_goal,0,clean,0.0000,,6,none,0.0,,,open the middle drawer of the cabinet,1,126,3,25.7,5.33,10.71,6,50,360,,baseline_goal,367b3ae,0.6.1,31d453f7edd7,mps-arm64-Apple_M1,2026-10-04T15:25:29
libero_goal,0,clean,0.0000,,7,none,0.0,,,open the middle drawer of the cabinet,1,125,3,28.84,4.54,12.39,7,50,360,,baseline_goal,367b3ae,0.6.1,31d453f7edd7,mps-arm64-Apple_M1,2026-10-04T15:25:58
libero_goal,0,clean,0.0000,,8,none,0.0,,,open the middle drawer of the cabinet,1,124,3,35.26,8.51,16.65,8,50,360,,baseline_goal,367b3ae,0.6.1,31d453f7edd7,mps-arm64-Apple_M1,2026-10-04T15:26:33
libero_goal,0,clean,0.0000,,9,none,0.0,,,open the middle drawer of the cabinet,1,121,3,30.8,10.85,10.06,9,50,360,,baseline_goal,367b3ae,0.6.1,31d453f7edd7,mps-arm64-Apple_M1,2026-10-04T15:27:04
libero_goal,1,clean,0.0000,,0,none,0.0,,,put the bowl on the stove,1,86,2,19.95,6.67,6.1,0,50,360,,baseline_goal,367b3ae,0.6.1,31d453f7edd7,mps-arm64-Apple_M1,2026-10-04T15:27:25
libero_goal,1,clean,0.0000,,1,none,0.0,,,put the bowl on the stove,1,89,2,18.48,2.77,8.33,1,50,360,,baseline_goal,367b3ae,0.6.1,31d453f7edd7,mps-arm64-Apple_M1,2026-10-04T15:27:45
libero_goal,1,clean,0.0000,,2,none,0.0,,,put the bowl on the stove,1,90,2,17.15,5.85,4.32,2,50,360,,baseline_goal,367b3ae,0.6.1,31d453f7edd7,mps-arm64-Apple_M1,2026-10-04T15:28:02
libero_goal,1,clean,0.0000,,3,none,0.0,,,put the bowl on the stove,1,90,2,14.12,2.6,4.85,3,50,360,,baseline_goal,367b3ae,0.6.1,31d453f7edd7,mps-arm64-Apple_M1,2026-10-04T15:28:16
libero_goal,1,clean,0.0000,,4,none,0.0,,,put the bowl on the stove,1,84,2,15.29,3.84,4.72,4,50,360,,baseline_goal,367b3ae,0.6.1,31d453f7edd7,mps-arm64-Apple_M1,2026-10-04T15:28:31
libero_goal,1,clean,0.0000,,5,none,0.0,,,put the bowl on the stove,1,88,2,17.46,4.13,6.24,5,50,360,,baseline_goal,367b3ae,0.6.1,31d453f7edd7,mps-arm64-Apple_M1,2026-10-04T15:28:49
libero_goal,1,clean,0.0000,,6,none,0.0,,,put the bowl on the stove,1,163,4,43.04,8.13,22.08,6,50,360,,baseline_goal,367b3ae,0.6.1,31d453f7edd7,mps-arm64-Apple_M1,2026-10-04T15:29:32
libero_goal,1,clean,0.0000,,7,none,0.0,,,put the bowl on the stove,1,86,2,27.32,10.93,10.12,7,50,360,,baseline_goal,367b3ae,0.6.1,31d453f7edd7,mps-arm64-Apple_M1,2026-10-04T15:29:59
libero_goal,1,clean,0.0000,,8,none,0.0,,,put the bowl on the stove,1,84,2,50.45,11.32,27.62,8,50,360,,baseline_goal,367b3ae,0.6.1,31d453f7edd7,mps-arm64-Apple_M1,2026-10-04T15:30:50
libero_goal,1,clean,0.0000,,9,none,0.0,,,put the bowl on the stove,1,87,2,47.82,22.73,16.34,9,50,360,,baseline_goal,367b3ae,0.6.1,31d453f7edd7,mps-arm64-Apple_M1,2026-10-04T15:31:38
libero_goal,2,clean,0.0000,,0,none,0.0,,,put the wine bottle on top of the cabinet,1,90,2,9.5,3.88,3.1,0,50,360,,baseline_goal,0de13ef,0.6.1,31d453f7edd7,mps-arm64-Apple_M1,2026-10-05T15:38:41
libero_goal,2,clean,0.0000,,1,none,0.0,,,put the wine bottle on top of the cabinet,1,97,2,6.26,1.11,2.52,1,50,360,,baseline_goal,0de13ef,0.6.1,31d453f7edd7,mps-arm64-Apple_M1,2026-10-05T15:38:47
libero_goal,2,clean,0.0000,,2,none,0.0,,,put the wine bottle on top of the cabinet,1,104,3,8.91,1.03,4.33,2,50,360,,baseline_goal,0de13ef,0.6.1,31d453f7edd7,mps-arm64-Apple_M1,2026-10-05T15:38:56
libero_goal,2,clean,0.0000,,3,none,0.0,,,put the wine bottle on top of the cabinet,0,300,6,26.58,1.28,10.67,3,50,360,,baseline_goal,0de13ef,0.6.1,31d453f7edd7,mps-arm64-Apple_M1,2026-10-05T15:39:23
libero_goal,2,clean,0.0000,,4,none,0.0,,,put the wine bottle on top of the cabinet,1,95,2,10.33,2.68,2.94,4,50,360,,baseline_goal,0de13ef,0.6.1,31d453f7edd7,mps-arm64-Apple_M1,2026-10-05T15:39:33
libero_goal,2,clean,0.0000,,5,none,0.0,,,put the wine bottle on top of the cabinet,1,95,2,8.6,1.56,3.2,5,50,360,,baseline_goal,0de13ef,0.6.1,31d453f7edd7,mps-arm64-Apple_M1,2026-10-05T15:39:42
libero_goal,2,clean,0.0000,,6,none,0.0,,,put the wine bottle on top of the cabinet,1,91,2,10.87,1.9,3.49,6,50,360,,baseline_goal,0de13ef,0.6.1,31d453f7edd7,mps-arm64-Apple_M1,2026-10-05T15:39:52
libero_goal,2,clean,0.0000,,7,none,0.0,,,put the wine bottle on top of the cabinet,1,95,2,13.65,2.8,4.27,7,50,360,,baseline_goal,0de13ef,0.6.1,31d453f7edd7,mps-arm64-Apple_M1,2026-10-05T15:40:06
libero_goal,2,clean,0.0000,,8,none,0.0,,,put the wine bottle on top of the cabinet,1,97,2,10.96,2.92,3.39,8,50,360,,baseline_goal,0de13ef,0.6.1,31d453f7edd7,mps-arm64-Apple_M1,2026-10-05T15:40:17
libero_goal,2,clean,0.0000,,9,none,0.0,,,put the wine bottle on top of the cabinet,1,88,2,8.93,1.83,3.26,9,50,360,,baseline_goal,0de13ef,0.6.1,31d453f7edd7,mps-arm64-Apple_M1,2026-10-05T15:40:26
libero_goal,3,clean,0.0000,,0,none,0.0,,,open the top drawer and put the bowl inside,1,181,4,16.43,3.14,5.97,0,50,360,,baseline_goal,0de13ef,0.6.1,31d453f7edd7,mps-arm64-Apple_M1,2026-10-05T15:40:43
libero_goal,3,clean,0.0000,,1,none,0.0,,,open the top drawer and put the bowl inside,1,175,4,19.83,1.56,7.25,1,50,360,,baseline_goal,0de13ef,0.6.1,31d453f7edd7,mps-arm64-Apple_M1,2026-10-05T15:41:03
libero_goal,3,clean,0.0000,,2,none,0.0,,,open the top drawer and put the bowl inside,1,180,4,24.84,2.05,12.91,2,50,360,,baseline_goal,0de13ef,0.6.1,31d453f7edd7,mps-arm64-Apple_M1,2026-10-05T15:41:28
libero_goal,3,clean,0.0000,,3,none,0.0,,,open the top drawer and put the bowl inside,1,174,4,17.03,3.41,6.66,3,50,360,,baseline_goal,0de13ef,0.6.1,31d453f7edd7,mps-arm64-Apple_M1,2026-10-05T15:41:45
libero_goal,3,clean,0.0000,,4,none,0.0,,,open the top drawer and put the bowl inside,0,300,6,26.11,1.57,10.54,4,50,360,,baseline_goal,0de13ef,0.6.1,31d453f7edd7,mps-arm64-Apple_M1,2026-10-05T15:42:11
libero_goal,3,clean,0.0000,,5,none,0.0,,,open the top drawer and put the bowl inside,1,196,4,14.59,1.75,6.01,5,50,360,,baseline_goal,0de13ef,0.6.1,31d453f7edd7,mps-arm64-Apple_M1,2026-10-05T15:42:25
libero_goal,3,clean,0.0000,,6,none,0.0,,,open the top drawer and put the bowl inside,1,186,4,17.46,1.62,6.96,6,50,360,,baseline_goal,0de13ef,0.6.1,31d453f7edd7,mps-arm64-Apple_M1,2026-10-05T15:42:43
libero_goal,3,clean,0.0000,,7,none,0.0,,,open the top drawer and put the bowl inside,1,177,4,19.3,1.83,7.62,7,50,360,,baseline_goal,0de13ef,0.6.1,31d453f7edd7,mps-arm64-Apple_M1,2026-10-05T15:43:02
libero_goal,3,clean,0.0000,,8,none,0.0,,,open the top drawer and put the bowl inside,1,177,4,22.43,3.52,7.45,8,50,360,,baseline_goal,0de13ef,0.6.1,31d453f7edd7,mps-arm64-Apple_M1,2026-10-05T15:43:25
libero_goal,3,clean,0.0000,,9,none,0.0,,,open the top drawer and put the bowl inside,0,300,6,26.5,2.38,10.69,9,50,360,,baseline_goal,0de13ef,0.6.1,31d453f7edd7,mps-arm64-Apple_M1,2026-10-05T15:43:51
libero_goal,4,clean,0.0000,,0,none,0.0,,,put the bowl on top of the cabinet,1,110,3,12.19,2.26,4.93,0,50,360,,baseline_goal,0de13ef,0.6.1,31d453f7edd7,mps-arm64-Apple_M1,2026-10-05T15:44:04
libero_goal,4,clean,0.0000,,1,none,0.0,,,put the bowl on top of the cabinet,1,84,2,10.25,1.7,3.68,1,50,360,,baseline_goal,0de13ef,0.6.1,31d453f7edd7,mps-arm64-Apple_M1,2026-10-05T15:44:14
libero_goal,4,clean,0.0000,,2,none,0.0,,,put the bowl on top of the cabinet,1,84,2,9.64,1.75,3.89,2,50,360,,baseline_goal,0de13ef,0.6.1,31d453f7edd7,mps-arm64-Apple_M1,2026-10-05T15:44:24
libero_goal,4,clean,0.0000,,3,none,0.0,,,put the bowl on top of the cabinet,1,88,2,11.03,1.36,3.31,3,50,360,,baseline_goal,0de13ef,0.6.1,31d453f7edd7,mps-arm64-Apple_M1,2026-10-05T15:44:35
libero_goal,4,clean,0.0000,,4,none,0.0,,,put the bowl on top of the cabinet,0,300,6,26.46,2.25,10.01,4,50,360,,baseline_goal,0de13ef,0.6.1,31d453f7edd7,mps-arm64-Apple_M1,2026-10-05T15:45:01
libero_goal,4,clean,0.0000,,5,none,0.0,,,put the bowl on top of the cabinet,1,88,2,10.95,2.19,4.05,5,50,360,,baseline_goal,0de13ef,0.6.1,31d453f7edd7,mps-arm64-Apple_M1,2026-10-05T15:45:12
libero_goal,4,clean,0.0000,,6,none,0.0,,,put the bowl on top of the cabinet,1,111,3,11.85,2.01,5.13,6,50,360,,baseline_goal,0de13ef,0.6.1,31d453f7edd7,mps-arm64-Apple_M1,2026-10-05T15:45:24
libero_goal,4,clean,0.0000,,7,none,0.0,,,put the bowl on top of the cabinet,1,88,2,9.95,2.18,3.08,7,50,360,,baseline_goal,0de13ef,0.6.1,31d453f7edd7,mps-arm64-Apple_M1,2026-10-05T15:45:34
libero_goal,4,clean,0.0000,,8,none,0.0,,,put the bowl on top of the cabinet,0,300,6,21.75,1.48,9.12,8,50,360,,baseline_goal,0de13ef,0.6.1,31d453f7edd7,mps-arm64-Apple_M1,2026-10-05T15:45:56
libero_goal,4,clean,0.0000,,9,none,0.0,,,put the bowl on top of the cabinet,1,91,2,10.57,1.83,3.63,9,50,360,,baseline_goal,0de13ef,0.6.1,31d453f7edd7,mps-arm64-Apple_M1,2026-10-05T15:46:06
libero_goal,5,clean,0.0000,,0,none,0.0,,,push the plate to the front of the stove,0,300,6,33.47,2.82,14.38,0,50,360,,baseline_goal,0de13ef,0.6.1,31d453f7edd7,mps-arm64-Apple_M1,2026-10-05T15:46:41
libero_goal,5,clean,0.0000,,1,none,0.0,,,push the plate to the front of the stove,1,119,3,12.96,3.51,4.6,1,50,360,,baseline_goal,0de13ef,0.6.1,31d453f7edd7,mps-arm64-Apple_M1,2026-10-05T15:46:54
libero_goal,5,clean,0.0000,,2,none,0.0,,,push the plate to the front of the stove,1,126,3,12.58,1.77,5.19,2,50,360,,baseline_goal,0de13ef,0.6.1,31d453f7edd7,mps-arm64-Apple_M1,2026-10-05T15:47:06
libero_goal,5,clean,0.0000,,3,none,0.0,,,push the plate to the front of the stove,1,118,3,13.77,2.18,5.35,3,50,360,,baseline_goal,0de13ef,0.6.1,31d453f7edd7,mps-arm64-Apple_M1,2026-10-05T15:47:20
libero_goal,5,clean,0.0000,,4,none,0.0,,,push the plate to the front of the stove,1,130,3,20.23,4.26,7.13,4,50,360,,baseline_goal,0de13ef,0.6.1,31d453f7edd7,mps-arm64-Apple_M1,2026-10-05T15:47:40
libero_goal,5,clean,0.0000,,5,none,0.0,,,push the plate to the front of the stove,1,115,3,12.98,2.33,4.95,5,50,360,,baseline_goal,0de13ef,0.6.1,31d453f7edd7,mps-arm64-Apple_M1,2026-10-05T15:47:53
libero_goal,5,clean,0.0000,,6,none,0.0,,,push the plate to the front of the stove,1,128,3,14.55,2.45,5.83,6,50,360,,baseline_goal,0de13ef,0.6.1,31d453f7edd7,mps-arm64-Apple_M1,2026-10-05T15:48:08
libero_goal,5,clean,0.0000,,7,none,0.0,,,push the plate to the front of the stove,1,163,4,19.18,2.24,7.47,7,50,360,,baseline_goal,0de13ef,0.6.1,31d453f7edd7,mps-arm64-Apple_M1,2026-10-05T15:48:27
libero_goal,5,clean,0.0000,,8,none,0.0,,,push the plate to the front of the stove,0,300,6,34.14,3.0,11.62,8,50,360,,baseline_goal,0de13ef,0.6.1,31d453f7edd7,mps-arm64-Apple_M1,2026-10-05T15:49:01
libero_goal,5,clean,0.0000,,9,none,0.0,,,push the plate to the front of the stove,1,138,3,15.63,3.6,4.81,9,50,360,,baseline_goal,0de13ef,0.6.1,31d453f7edd7,mps-arm64-Apple_M1,2026-10-05T15:49:17
libero_goal,6,clean,0.0000,,0,none,0.0,,,put the cream cheese in the bowl,0,300,6,34.36,2.51,11.57,0,50,360,,baseline_goal,0de13ef,0.6.1,31d453f7edd7,mps-arm64-Apple_M1,2026-10-05T15:49:51
libero_goal,6,clean,0.0000,,1,none,0.0,,,put the cream cheese in the bowl,0,300,6,26.96,4.72,8.73,1,50,360,,baseline_goal,0de13ef,0.6.1,31d453f7edd7,mps-arm64-Apple_M1,2026-10-05T15:50:18
libero_goal,6,clean,0.0000,,2,none,0.0,,,put the cream cheese in the bowl,0,300,6,28.69,1.97,10.06,2,50,360,,baseline_goal,0de13ef,0.6.1,31d453f7edd7,mps-arm64-Apple_M1,2026-10-05T15:50:47
libero_goal,6,clean,0.0000,,3,none,0.0,,,put the cream cheese in the bowl,1,90,2,10.57,2.87,3.35,3,50,360,,baseline_goal,0de13ef,0.6.1,31d453f7edd7,mps-arm64-Apple_M1,2026-10-05T15:50:58
libero_goal,6,clean,0.0000,,4,none,0.0,,,put the cream cheese in the bowl,0,300,6,27.64,1.74,9.92,4,50,360,,baseline_goal,0de13ef,0.6.1,31d453f7edd7,mps-arm64-Apple_M1,2026-10-05T15:51:25
libero_goal,6,clean,0.0000,,5,none,0.0,,,put the cream cheese in the bowl,0,300,6,36.3,1.99,13.99,5,50,360,,baseline_goal,0de13ef,0.6.1,31d453f7edd7,mps-arm64-Apple_M1,2026-10-05T15:52:01
libero_goal,6,clean,0.0000,,6,none,0.0,,,put the cream cheese in the bowl,0,300,6,31.77,3.54,11.62,6,50,360,,baseline_goal,0de13ef,0.6.1,31d453f7edd7,mps-arm64-Apple_M1,2026-10-05T15:52:33
libero_goal,6,clean,0.0000,,7,none,0.0,,,put the cream cheese in the bowl,1,85,2,12.59,3.12,5.38,7,50,360,,baseline_goal,0de13ef,0.6.1,31d453f7edd7,mps-arm64-Apple_M1,2026-10-05T15:52:46
libero_goal,6,clean,0.0000,,8,none,0.0,,,put the cream cheese in the bowl,1,94,2,11.79,2.03,4.43,8,50,360,,baseline_goal,0de13ef,0.6.1,31d453f7edd7,mps-arm64-Apple_M1,2026-10-05T15:52:58
libero_goal,6,clean,0.0000,,9,none,0.0,,,put the cream cheese in the bowl,1,83,2,12.36,2.36,4.01,9,50,360,,baseline_goal,0de13ef,0.6.1,31d453f7edd7,mps-arm64-Apple_M1,2026-10-05T15:53:10
libero_goal,7,clean,0.0000,,0,none,0.0,,,turn on the stove,1,75,2,10.98,4.01,3.51,0,50,360,,baseline_goal,0de13ef,0.6.1,31d453f7edd7,mps-arm64-Apple_M1,2026-10-05T15:53:22
libero_goal,7,clean,0.0000,,1,none,0.0,,,turn on the stove,1,69,2,9.43,1.95,3.67,1,50,360,,baseline_goal,0de13ef,0.6.1,31d453f7edd7,mps-arm64-Apple_M1,2026-10-05T15:53:31
libero_goal,7,clean,0.0000,,2,none,0.0,,,turn on the stove,0,300,6,37.54,1.91,17.28,2,50,360,,baseline_goal,0de13ef,0.6.1,31d453f7edd7,mps-arm64-Apple_M1,2026-10-05T15:54:09
libero_goal,7,clean,0.0000,,3,none,0.0,,,turn on the stove,1,76,2,11.52,2.73,3.97,3,50,360,,baseline_goal,0de13ef,0.6.1,31d453f7edd7,mps-arm64-Apple_M1,2026-10-05T15:54:21
libero_goal,7,clean,0.0000,,4,none,0.0,,,turn on the stove,1,74,2,14.81,2.01,7.0,4,50,360,,baseline_goal,0de13ef,0.6.1,31d453f7edd7,mps-arm64-Apple_M1,2026-10-05T15:54:35
libero_goal,7,clean,0.0000,,5,none,0.0,,,turn on the stove,1,76,2,14.72,2.66,6.18,5,50,360,,baseline_goal,0de13ef,0.6.1,31d453f7edd7,mps-arm64-Apple_M1,2026-10-05T15:54:50
libero_goal,7,clean,0.0000,,6,none,0.0,,,turn on the stove,1,80,2,16.85,4.07,6.81,6,50,360,,baseline_goal,0de13ef,0.6.1,31d453f7edd7,mps-arm64-Apple_M1,2026-10-05T15:55:07
libero_goal,7,clean,0.0000,,7,none,0.0,,,turn on the stove,1,81,2,13.58,3.49,4.45,7,50,360,,baseline_goal,0de13ef,0.6.1,31d453f7edd7,mps-arm64-Apple_M1,2026-10-05T15:55:21
libero_goal,7,clean,0.0000,,8,none,0.0,,,turn on the stove,1,77,2,12.77,2.62,4.34,8,50,360,,baseline_goal,0de13ef,0.6.1,31d453f7edd7,mps-arm64-Apple_M1,2026-10-05T15:55:33
libero_goal,7,clean,0.0000,,9,none,0.0,,,turn on the stove,1,72,2,12.15,2.35,4.03,9,50,360,,baseline_goal,0de13ef,0.6.1,31d453f7edd7,mps-arm64-Apple_M1,2026-10-05T15:55:46
libero_goal,8,clean,0.0000,,0,none,0.0,,,put the bowl on the plate,1,77,2,14.58,4.93,3.78,0,50,360,,baseline_goal,0de13ef,0.6.1,31d453f7edd7,mps-arm64-Apple_M1,2026-10-05T15:56:01
libero_goal,8,clean,0.0000,,1,none,0.0,,,put the bowl on the plate,1,79,2,13.68,2.51,4.88,1,50,360,,baseline_goal,0de13ef,0.6.1,31d453f7edd7,mps-arm64-Apple_M1,2026-10-05T15:56:15
libero_goal,8,clean,0.0000,,2,none,0.0,,,put the bowl on the plate,1,83,2,11.58,2.17,4.03,2,50,360,,baseline_goal,0de13ef,0.6.1,31d453f7edd7,mps-arm64-Apple_M1,2026-10-05T15:56:26
libero_goal,8,clean,0.0000,,3,none,0.0,,,put the bowl on the plate,1,78,2,11.88,5.23,3.0,3,50,360,,baseline_goal,0de13ef,0.6.1,31d453f7edd7,mps-arm64-Apple_M1,2026-10-05T15:56:38
libero_goal,8,clean,0.0000,,4,none,0.0,,,put the bowl on the plate,0,300,6,31.44,1.87,11.77,4,50,360,,baseline_goal,0de13ef,0.6.1,31d453f7edd7,mps-arm64-Apple_M1,2026-10-05T15:57:10
libero_goal,8,clean,0.0000,,5,none,0.0,,,put the bowl on the plate,1,76,2,13.1,4.92,4.06,5,50,360,,baseline_goal,0de13ef,0.6.1,31d453f7edd7,mps-arm64-Apple_M1,2026-10-05T15:57:23
libero_goal,8,clean,0.0000,,6,none,0.0,,,put the bowl on the plate,1,77,2,11.13,2.34,4.35,6,50,360,,baseline_goal,0de13ef,0.6.1,31d453f7edd7,mps-arm64-Apple_M1,2026-10-05T15:57:34
libero_goal,8,clean,0.0000,,7,none,0.0,,,put the bowl on the plate,1,77,2,9.41,2.04,3.44,7,50,360,,baseline_goal,0de13ef,0.6.1,31d453f7edd7,mps-arm64-Apple_M1,2026-10-05T15:57:43
libero_goal,8,clean,0.0000,,8,none,0.0,,,put the bowl on the plate,1,79,2,12.15,1.86,4.51,8,50,360,,baseline_goal,0de13ef,0.6.1,31d453f7edd7,mps-arm64-Apple_M1,2026-10-05T15:57:55
libero_goal,8,clean,0.0000,,9,none,0.0,,,put the bowl on the plate,0,300,6,35.04,2.75,11.89,9,50,360,,baseline_goal,0de13ef,0.6.1,31d453f7edd7,mps-arm64-Apple_M1,2026-10-05T15:58:30
libero_goal,9,clean,0.0000,,0,none,0.0,,,put the wine bottle on the rack,1,142,3,19.46,5.39,5.77,0,50,360,,baseline_goal,0de13ef,0.6.1,31d453f7edd7,mps-arm64-Apple_M1,2026-10-05T15:58:51
libero_goal,9,clean,0.0000,,1,none,0.0,,,put the wine bottle on the rack,1,151,4,24.38,2.48,10.82,1,50,360,,baseline_goal,0de13ef,0.6.1,31d453f7edd7,mps-arm64-Apple_M1,2026-10-05T15:59:16
libero_goal,9,clean,0.0000,,2,none,0.0,,,put the wine bottle on the rack,1,171,4,21.14,3.1,6.99,2,50,360,,baseline_goal,0de13ef,0.6.1,31d453f7edd7,mps-arm64-Apple_M1,2026-10-05T15:59:37
libero_goal,9,clean,0.0000,,3,none,0.0,,,put the wine bottle on the rack,1,130,3,28.92,5.73,13.0,3,50,360,,baseline_goal,0de13ef,0.6.1,31d453f7edd7,mps-arm64-Apple_M1,2026-10-05T16:00:06
libero_goal,9,clean,0.0000,,4,none,0.0,,,put the wine bottle on the rack,1,133,3,18.44,5.32,5.04,4,50,360,,baseline_goal,0de13ef,0.6.1,31d453f7edd7,mps-arm64-Apple_M1,2026-10-05T16:00:24
libero_goal,9,clean,0.0000,,5,none,0.0,,,put the wine bottle on the rack,1,129,3,20.78,2.88,7.76,5,50,360,,baseline_goal,0de13ef,0.6.1,31d453f7edd7,mps-arm64-Apple_M1,2026-10-05T16:00:45
libero_goal,9,clean,0.0000,,6,none,0.0,,,put the wine bottle on the rack,1,135,3,18.98,4.04,6.95,6,50,360,,baseline_goal,0de13ef,0.6.1,31d453f7edd7,mps-arm64-Apple_M1,2026-10-05T16:01:04
libero_goal,9,clean,0.0000,,7,none,0.0,,,put the wine bottle on the rack,1,129,3,19.46,2.9,7.2,7,50,360,,baseline_goal,0de13ef,0.6.1,31d453f7edd7,mps-arm64-Apple_M1,2026-10-05T16:01:24
libero_goal,9,clean,0.0000,,8,none,0.0,,,put the wine bottle on the rack,1,158,4,22.82,3.23,8.72,8,50,360,,baseline_goal,0de13ef,0.6.1,31d453f7edd7,mps-arm64-Apple_M1,2026-10-05T16:01:46
libero_goal,9,clean,0.0000,,9,none,0.0,,,put the wine bottle on the rack,1,125,3,16.2,3.09,5.34,9,50,360,,baseline_goal,0de13ef,0.6.1,31d453f7edd7,mps-arm64-Apple_M1,2026-10-05T16:02:03
