suite,task_id,condition,intensity,variant,episode,perturbation,magnitude,unit,sign,instruction,success,goals_achieved,goals_at_reset,steps,n_policy_calls,duration_s,reset_s,policy_s,seed,n_action_steps,resolution,residual,config,git_commit,lerobot_version,checkpoint_revision,device,date
libero_spatial,0,light_dimming,0.8000,,0,light_dimming,0.72,fraction removed,,pick up the black bowl between the plate and the ramekin and place it on the plate,1,,,75,2,11.02,5.0,3.4,0,50,360,,dose_light_dimming_fine,a21d034,0.6.1,31d453f7edd7,mps-arm64-Apple_M1,2026-10-05T08:17:55
libero_spatial,0,light_dimming,0.8500,,0,light_dimming,0.765,fraction removed,,pick up the black bowl between the plate and the ramekin and place it on the plate,1,,,76,2,6.62,1.45,2.62,0,50,360,,dose_light_dimming_fine,a21d034,0.6.1,31d453f7edd7,mps-arm64-Apple_M1,2026-10-05T08:18:02
libero_spatial,0,light_dimming,0.9000,,0,light_dimming,0.81,fraction removed,,pick up the black bowl between the plate and the ramekin and place it on the plate,1,,,105,3,9.34,1.5,4.01,0,50,360,,dose_light_dimming_fine,a21d034,0.6.1,31d453f7edd7,mps-arm64-Apple_M1,2026-10-05T08:18:11
libero_spatial,0,light_dimming,0.9500,,0,light_dimming,0.855,fraction removed,,pick up the black bowl between the plate and the ramekin and place it on the plate,1,,,111,3,8.9,1.52,3.7,0,50,360,,dose_light_dimming_fine,a21d034,0.6.1,31d453f7edd7,mps-arm64-Apple_M1,2026-10-05T08:18:20
libero_spatial,0,light_dimming,0.8000,,1,light_dimming,0.72,fraction removed,,pick up the black bowl between the plate and the ramekin and place it on the plate,0,,,280,6,18.19,1.51,7.38,1,50,360,,dose_light_dimming_fine,a21d034,0.6.1,31d453f7edd7,mps-arm64-Apple_M1,2026-10-05T08:18:39
libero_spatial,0,light_dimming,0.8500,,1,light_dimming,0.765,fraction removed,,pick up the black bowl between the plate and the ramekin and place it on the plate,1,,,72,2,6.19,1.36,2.52,1,50,360,,dose_light_dimming_fine,a21d034,0.6.1,31d453f7edd7,mps-arm64-Apple_M1,2026-10-05T08:18:45
libero_spatial,0,light_dimming,0.9000,,1,light_dimming,0.81,fraction removed,,pick up the black bowl between the plate and the ramekin and place it on the plate,1,,,108,3,7.98,1.1,3.43,1,50,360,,dose_light_dimming_fine,a21d034,0.6.1,31d453f7edd7,mps-arm64-Apple_M1,2026-10-05T08:18:53
libero_spatial,0,light_dimming,0.9500,,1,light_dimming,0.855,fraction removed,,pick up the black bowl between the plate and the ramekin and place it on the plate,1,,,112,3,8.17,1.14,3.43,1,50,360,,dose_light_dimming_fine,a21d034,0.6.1,31d453f7edd7,mps-arm64-Apple_M1,2026-10-05T08:19:01
libero_spatial,0,light_dimming,0.8000,,2,light_dimming,0.72,fraction removed,,pick up the black bowl between the plate and the ramekin and place it on the plate,1,,,76,2,5.86,1.16,2.35,2,50,360,,dose_light_dimming_fine,a21d034,0.6.1,31d453f7edd7,mps-arm64-Apple_M1,2026-10-05T08:19:07
libero_spatial,0,light_dimming,0.8500,,2,light_dimming,0.765,fraction removed,,pick up the black bowl between the plate and the ramekin and place it on the plate,0,,,280,6,17.5,1.28,7.32,2,50,360,,dose_light_dimming_fine,a21d034,0.6.1,31d453f7edd7,mps-arm64-Apple_M1,2026-10-05T08:19:24
libero_spatial,0,light_dimming,0.9000,,2,light_dimming,0.81,fraction removed,,pick up the black bowl between the plate and the ramekin and place it on the plate,1,,,75,2,6.43,1.38,2.67,2,50,360,,dose_light_dimming_fine,a21d034,0.6.1,31d453f7edd7,mps-arm64-Apple_M1,2026-10-05T08:19:31
libero_spatial,0,light_dimming,0.9500,,2,light_dimming,0.855,fraction removed,,pick up the black bowl between the plate and the ramekin and place it on the plate,1,,,119,3,8.68,1.29,3.69,2,50,360,,dose_light_dimming_fine,a21d034,0.6.1,31d453f7edd7,mps-arm64-Apple_M1,2026-10-05T08:19:39
libero_spatial,0,light_dimming,0.8000,,3,light_dimming,0.72,fraction removed,,pick up the black bowl between the plate and the ramekin and place it on the plate,1,,,79,2,6.17,1.18,2.43,3,50,360,,dose_light_dimming_fine,a21d034,0.6.1,31d453f7edd7,mps-arm64-Apple_M1,2026-10-05T08:19:45
libero_spatial,0,light_dimming,0.8500,,3,light_dimming,0.765,fraction removed,,pick up the black bowl between the plate and the ramekin and place it on the plate,1,,,77,2,6.21,1.22,2.52,3,50,360,,dose_light_dimming_fine,a21d034,0.6.1,31d453f7edd7,mps-arm64-Apple_M1,2026-10-05T08:19:52
libero_spatial,0,light_dimming,0.9000,,3,light_dimming,0.81,fraction removed,,pick up the black bowl between the plate and the ramekin and place it on the plate,0,,,280,6,17.14,1.21,7.11,3,50,360,,dose_light_dimming_fine,a21d034,0.6.1,31d453f7edd7,mps-arm64-Apple_M1,2026-10-05T08:20:09
libero_spatial,0,light_dimming,0.9500,,3,light_dimming,0.855,fraction removed,,pick up the black bowl between the plate and the ramekin and place it on the plate,0,,,280,6,17.4,1.28,7.07,3,50,360,,dose_light_dimming_fine,a21d034,0.6.1,31d453f7edd7,mps-arm64-Apple_M1,2026-10-05T08:20:26
libero_spatial,0,light_dimming,0.8000,,4,light_dimming,0.72,fraction removed,,pick up the black bowl between the plate and the ramekin and place it on the plate,1,,,74,2,6.87,1.31,3.08,4,50,360,,dose_light_dimming_fine,a21d034,0.6.1,31d453f7edd7,mps-arm64-Apple_M1,2026-10-05T08:20:33
libero_spatial,0,light_dimming,0.8500,,4,light_dimming,0.765,fraction removed,,pick up the black bowl between the plate and the ramekin and place it on the plate,1,,,75,2,7.01,1.54,2.73,4,50,360,,dose_light_dimming_fine,a21d034,0.6.1,31d453f7edd7,mps-arm64-Apple_M1,2026-10-05T08:20:40
libero_spatial,0,light_dimming,0.9000,,4,light_dimming,0.81,fraction removed,,pick up the black bowl between the plate and the ramekin and place it on the plate,1,,,114,3,8.92,1.31,3.94,4,50,360,,dose_light_dimming_fine,a21d034,0.6.1,31d453f7edd7,mps-arm64-Apple_M1,2026-10-05T08:20:49
libero_spatial,0,light_dimming,0.9500,,4,light_dimming,0.855,fraction removed,,pick up the black bowl between the plate and the ramekin and place it on the plate,1,,,113,3,8.53,1.24,3.65,4,50,360,,dose_light_dimming_fine,a21d034,0.6.1,31d453f7edd7,mps-arm64-Apple_M1,2026-10-05T08:20:58
libero_spatial,1,light_dimming,0.8000,,0,light_dimming,0.72,fraction removed,,pick up the black bowl next to the ramekin and place it on the plate,1,,,103,3,9.55,2.4,3.7,0,50,360,,dose_light_dimming_fine,a21d034,0.6.1,31d453f7edd7,mps-arm64-Apple_M1,2026-10-05T08:21:07
libero_spatial,1,light_dimming,0.8500,,0,light_dimming,0.765,fraction removed,,pick up the black bowl next to the ramekin and place it on the plate,0,,,280,6,17.02,1.09,6.79,0,50,360,,dose_light_dimming_fine,a21d034,0.6.1,31d453f7edd7,mps-arm64-Apple_M1,2026-10-05T08:21:24
libero_spatial,1,light_dimming,0.9000,,0,light_dimming,0.81,fraction removed,,pick up the black bowl next to the ramekin and place it on the plate,0,,,280,6,17.33,1.25,7.13,0,50,360,,dose_light_dimming_fine,a21d034,0.6.1,31d453f7edd7,mps-arm64-Apple_M1,2026-10-05T08:21:42
libero_spatial,1,light_dimming,0.9500,,0,light_dimming,0.855,fraction removed,,pick up the black bowl next to the ramekin and place it on the plate,0,,,280,6,67.83,1.24,32.16,0,50,360,,dose_light_dimming_fine,a21d034,0.6.1,31d453f7edd7,mps-arm64-Apple_M1,2026-10-05T08:22:49
libero_spatial,1,light_dimming,0.8000,,1,light_dimming,0.72,fraction removed,,pick up the black bowl next to the ramekin and place it on the plate,1,,,96,2,8.94,2.64,2.6,1,50,360,,dose_light_dimming_fine,a21d034,0.6.1,31d453f7edd7,mps-arm64-Apple_M1,2026-10-05T08:22:58
libero_spatial,1,light_dimming,0.8500,,1,light_dimming,0.765,fraction removed,,pick up the black bowl next to the ramekin and place it on the plate,1,,,103,3,9.17,1.26,3.92,1,50,360,,dose_light_dimming_fine,a21d034,0.6.1,31d453f7edd7,mps-arm64-Apple_M1,2026-10-05T08:23:08
libero_spatial,1,light_dimming,0.9000,,1,light_dimming,0.81,fraction removed,,pick up the black bowl next to the ramekin and place it on the plate,0,,,280,6,21.2,1.92,7.88,1,50,360,,dose_light_dimming_fine,a21d034,0.6.1,31d453f7edd7,mps-arm64-Apple_M1,2026-10-05T08:23:29
libero_spatial,1,light_dimming,0.9500,,1,light_dimming,0.855,fraction removed,,pick up the black bowl next to the ramekin and place it on the plate,0,,,280,6,19.35,1.71,7.39,1,50,360,,dose_light_dimming_fine,a21d034,0.6.1,31d453f7edd7,mps-arm64-Apple_M1,2026-10-05T08:23:48
libero_spatial,1,light_dimming,0.8000,,2,light_dimming,0.72,fraction removed,,pick up the black bowl next to the ramekin and place it on the plate,1,,,105,3,9.39,1.43,3.87,2,50,360,,dose_light_dimming_fine,a21d034,0.6.1,31d453f7edd7,mps-arm64-Apple_M1,2026-10-05T08:23:58
libero_spatial,1,light_dimming,0.8500,,2,light_dimming,0.765,fraction removed,,pick up the black bowl next to the ramekin and place it on the plate,0,,,280,6,25.08,1.36,8.47,2,50,360,,dose_light_dimming_fine,a21d034,0.6.1,31d453f7edd7,mps-arm64-Apple_M1,2026-10-05T08:24:23
libero_spatial,1,light_dimming,0.9000,,2,light_dimming,0.81,fraction removed,,pick up the black bowl next to the ramekin and place it on the plate,0,,,280,6,22.88,1.92,8.05,2,50,360,,dose_light_dimming_fine,a21d034,0.6.1,31d453f7edd7,mps-arm64-Apple_M1,2026-10-05T08:24:46
libero_spatial,1,light_dimming,0.9500,,2,light_dimming,0.855,fraction removed,,pick up the black bowl next to the ramekin and place it on the plate,1,,,173,4,16.95,2.05,5.45,2,50,360,,dose_light_dimming_fine,a21d034,0.6.1,31d453f7edd7,mps-arm64-Apple_M1,2026-10-05T08:25:02
libero_spatial,1,light_dimming,0.8000,,3,light_dimming,0.72,fraction removed,,pick up the black bowl next to the ramekin and place it on the plate,1,,,104,3,14.12,1.98,4.83,3,50,360,,dose_light_dimming_fine,a21d034,0.6.1,31d453f7edd7,mps-arm64-Apple_M1,2026-10-05T08:25:17
libero_spatial,1,light_dimming,0.8500,,3,light_dimming,0.765,fraction removed,,pick up the black bowl next to the ramekin and place it on the plate,1,,,102,3,15.41,2.85,5.09,3,50,360,,dose_light_dimming_fine,a21d034,0.6.1,31d453f7edd7,mps-arm64-Apple_M1,2026-10-05T08:25:32
libero_spatial,1,light_dimming,0.9000,,3,light_dimming,0.81,fraction removed,,pick up the black bowl next to the ramekin and place it on the plate,0,,,280,6,27.74,1.81,8.33,3,50,360,,dose_light_dimming_fine,a21d034,0.6.1,31d453f7edd7,mps-arm64-Apple_M1,2026-10-05T08:26:00
libero_spatial,1,light_dimming,0.9500,,3,light_dimming,0.855,fraction removed,,pick up the black bowl next to the ramekin and place it on the plate,0,,,280,6,34.26,2.35,10.91,3,50,360,,dose_light_dimming_fine,a21d034,0.6.1,31d453f7edd7,mps-arm64-Apple_M1,2026-10-05T08:26:34
libero_spatial,1,light_dimming,0.8000,,4,light_dimming,0.72,fraction removed,,pick up the black bowl next to the ramekin and place it on the plate,0,,,280,6,33.31,2.09,10.25,4,50,360,,dose_light_dimming_fine,a21d034,0.6.1,31d453f7edd7,mps-arm64-Apple_M1,2026-10-05T08:27:07
libero_spatial,1,light_dimming,0.8500,,4,light_dimming,0.765,fraction removed,,pick up the black bowl next to the ramekin and place it on the plate,1,,,98,2,12.86,2.43,3.07,4,50,360,,dose_light_dimming_fine,a21d034,0.6.1,31d453f7edd7,mps-arm64-Apple_M1,2026-10-05T08:27:20
libero_spatial,1,light_dimming,0.9000,,4,light_dimming,0.81,fraction removed,,pick up the black bowl next to the ramekin and place it on the plate,1,,,125,3,20.59,3.07,6.85,4,50,360,,dose_light_dimming_fine,a21d034,0.6.1,31d453f7edd7,mps-arm64-Apple_M1,2026-10-05T08:27:41
libero_spatial,1,light_dimming,0.9500,,4,light_dimming,0.855,fraction removed,,pick up the black bowl next to the ramekin and place it on the plate,1,,,131,3,15.78,1.88,4.32,4,50,360,,dose_light_dimming_fine,a21d034,0.6.1,31d453f7edd7,mps-arm64-Apple_M1,2026-10-05T08:27:57
libero_spatial,2,light_dimming,0.8000,,0,light_dimming,0.72,fraction removed,,pick up the black bowl from table center and place it on the plate,1,,,95,2,12.73,3.19,3.2,0,50,360,,dose_light_dimming_fine,a21d034,0.6.1,31d453f7edd7,mps-arm64-Apple_M1,2026-10-05T08:28:10
libero_spatial,2,light_dimming,0.8500,,0,light_dimming,0.765,fraction removed,,pick up the black bowl from table center and place it on the plate,0,,,280,6,30.99,1.64,9.96,0,50,360,,dose_light_dimming_fine,a21d034,0.6.1,31d453f7edd7,mps-arm64-Apple_M1,2026-10-05T08:28:41
libero_spatial,2,light_dimming,0.9000,,0,light_dimming,0.81,fraction removed,,pick up the black bowl from table center and place it on the plate,0,,,280,6,29.72,2.38,8.74,0,50,360,,dose_light_dimming_fine,a21d034,0.6.1,31d453f7edd7,mps-arm64-Apple_M1,2026-10-05T08:29:10
libero_spatial,2,light_dimming,0.9500,,0,light_dimming,0.855,fraction removed,,pick up the black bowl from table center and place it on the plate,0,,,280,6,30.72,1.92,9.44,0,50,360,,dose_light_dimming_fine,a21d034,0.6.1,31d453f7edd7,mps-arm64-Apple_M1,2026-10-05T08:29:41
libero_spatial,2,light_dimming,0.8000,,1,light_dimming,0.72,fraction removed,,pick up the black bowl from table center and place it on the plate,1,,,93,2,12.75,2.33,3.6,1,50,360,,dose_light_dimming_fine,a21d034,0.6.1,31d453f7edd7,mps-arm64-Apple_M1,2026-10-05T08:29:54
libero_spatial,2,light_dimming,0.8500,,1,light_dimming,0.765,fraction removed,,pick up the black bowl from table center and place it on the plate,0,,,280,6,28.77,1.77,8.63,1,50,360,,dose_light_dimming_fine,a21d034,0.6.1,31d453f7edd7,mps-arm64-Apple_M1,2026-10-05T08:30:23
libero_spatial,2,light_dimming,0.9000,,1,light_dimming,0.81,fraction removed,,pick up the black bowl from table center and place it on the plate,0,,,280,6,36.55,1.92,12.12,1,50,360,,dose_light_dimming_fine,a21d034,0.6.1,31d453f7edd7,mps-arm64-Apple_M1,2026-10-05T08:30:59
libero_spatial,2,light_dimming,0.9500,,1,light_dimming,0.855,fraction removed,,pick up the black bowl from table center and place it on the plate,0,,,280,6,31.54,2.28,8.92,1,50,360,,dose_light_dimming_fine,a21d034,0.6.1,31d453f7edd7,mps-arm64-Apple_M1,2026-10-05T08:31:31
libero_spatial,2,light_dimming,0.8000,,2,light_dimming,0.72,fraction removed,,pick up the black bowl from table center and place it on the plate,0,,,280,6,37.91,2.7,12.82,2,50,360,,dose_light_dimming_fine,a21d034,0.6.1,31d453f7edd7,mps-arm64-Apple_M1,2026-10-05T08:32:09
libero_spatial,2,light_dimming,0.8500,,2,light_dimming,0.765,fraction removed,,pick up the black bowl from table center and place it on the plate,0,,,280,6,32.7,3.32,8.88,2,50,360,,dose_light_dimming_fine,a21d034,0.6.1,31d453f7edd7,mps-arm64-Apple_M1,2026-10-05T08:32:41
libero_spatial,2,light_dimming,0.9000,,2,light_dimming,0.81,fraction removed,,pick up the black bowl from table center and place it on the plate,0,,,280,6,37.61,2.42,12.12,2,50,360,,dose_light_dimming_fine,a21d034,0.6.1,31d453f7edd7,mps-arm64-Apple_M1,2026-10-05T08:33:19
libero_spatial,2,light_dimming,0.9500,,2,light_dimming,0.855,fraction removed,,pick up the black bowl from table center and place it on the plate,0,,,280,6,37.51,2.82,11.46,2,50,360,,dose_light_dimming_fine,a21d034,0.6.1,31d453f7edd7,mps-arm64-Apple_M1,2026-10-05T08:33:57
libero_spatial,2,light_dimming,0.8000,,3,light_dimming,0.72,fraction removed,,pick up the black bowl from table center and place it on the plate,1,,,94,2,15.44,2.44,4.65,3,50,360,,dose_light_dimming_fine,a21d034,0.6.1,31d453f7edd7,mps-arm64-Apple_M1,2026-10-05T08:34:12
libero_spatial,2,light_dimming,0.8500,,3,light_dimming,0.765,fraction removed,,pick up the black bowl from table center and place it on the plate,1,,,88,2,15.15,2.88,4.81,3,50,360,,dose_light_dimming_fine,a21d034,0.6.1,31d453f7edd7,mps-arm64-Apple_M1,2026-10-05T08:34:27
libero_spatial,2,light_dimming,0.9000,,3,light_dimming,0.81,fraction removed,,pick up the black bowl from table center and place it on the plate,0,,,280,6,31.7,1.94,9.39,3,50,360,,dose_light_dimming_fine,a21d034,0.6.1,31d453f7edd7,mps-arm64-Apple_M1,2026-10-05T08:34:59
libero_spatial,2,light_dimming,0.9500,,3,light_dimming,0.855,fraction removed,,pick up the black bowl from table center and place it on the plate,0,,,280,6,34.51,2.2,11.44,3,50,360,,dose_light_dimming_fine,a21d034,0.6.1,31d453f7edd7,mps-arm64-Apple_M1,2026-10-05T08:35:33
libero_spatial,2,light_dimming,0.8000,,4,light_dimming,0.72,fraction removed,,pick up the black bowl from table center and place it on the plate,1,,,99,2,12.7,2.7,3.1,4,50,360,,dose_light_dimming_fine,a21d034,0.6.1,31d453f7edd7,mps-arm64-Apple_M1,2026-10-05T08:35:46
libero_spatial,2,light_dimming,0.8500,,4,light_dimming,0.765,fraction removed,,pick up the black bowl from table center and place it on the plate,0,,,280,6,31.79,1.79,9.47,4,50,360,,dose_light_dimming_fine,a21d034,0.6.1,31d453f7edd7,mps-arm64-Apple_M1,2026-10-05T08:36:18
libero_spatial,2,light_dimming,0.9000,,4,light_dimming,0.81,fraction removed,,pick up the black bowl from table center and place it on the plate,0,,,280,6,34.7,2.78,10.5,4,50,360,,dose_light_dimming_fine,a21d034,0.6.1,31d453f7edd7,mps-arm64-Apple_M1,2026-10-05T08:36:53
libero_spatial,2,light_dimming,0.9500,,4,light_dimming,0.855,fraction removed,,pick up the black bowl from table center and place it on the plate,0,,,280,6,34.19,2.02,11.41,4,50,360,,dose_light_dimming_fine,a21d034,0.6.1,31d453f7edd7,mps-arm64-Apple_M1,2026-10-05T08:37:27
libero_spatial,3,light_dimming,0.8000,,0,light_dimming,0.72,fraction removed,,pick up the black bowl on the cookie box and place it on the plate,0,,,280,6,36.81,5.43,8.97,0,50,360,,dose_light_dimming_fine,a21d034,0.6.1,31d453f7edd7,mps-arm64-Apple_M1,2026-10-05T08:38:04
libero_spatial,3,light_dimming,0.8500,,0,light_dimming,0.765,fraction removed,,pick up the black bowl on the cookie box and place it on the plate,1,,,82,2,12.36,2.44,3.5,0,50,360,,dose_light_dimming_fine,a21d034,0.6.1,31d453f7edd7,mps-arm64-Apple_M1,2026-10-05T08:38:17
libero_spatial,3,light_dimming,0.9000,,0,light_dimming,0.81,fraction removed,,pick up the black bowl on the cookie box and place it on the plate,0,,,280,6,37.69,1.89,12.12,0,50,360,,dose_light_dimming_fine,a21d034,0.6.1,31d453f7edd7,mps-arm64-Apple_M1,2026-10-05T08:38:54
libero_spatial,3,light_dimming,0.9500,,0,light_dimming,0.855,fraction removed,,pick up the black bowl on the cookie box and place it on the plate,0,,,280,6,37.31,3.15,10.81,0,50,360,,dose_light_dimming_fine,a21d034,0.6.1,31d453f7edd7,mps-arm64-Apple_M1,2026-10-05T08:39:32
libero_spatial,3,light_dimming,0.8000,,1,light_dimming,0.72,fraction removed,,pick up the black bowl on the cookie box and place it on the plate,1,,,79,2,12.27,2.47,3.46,1,50,360,,dose_light_dimming_fine,a21d034,0.6.1,31d453f7edd7,mps-arm64-Apple_M1,2026-10-05T08:39:44
libero_spatial,3,light_dimming,0.8500,,1,light_dimming,0.765,fraction removed,,pick up the black bowl on the cookie box and place it on the plate,0,,,280,6,39.21,3.29,11.73,1,50,360,,dose_light_dimming_fine,a21d034,0.6.1,31d453f7edd7,mps-arm64-Apple_M1,2026-10-05T08:40:23
libero_spatial,3,light_dimming,0.9000,,1,light_dimming,0.81,fraction removed,,pick up the black bowl on the cookie box and place it on the plate,0,,,280,6,24.81,1.78,11.7,1,50,360,,dose_light_dimming_fine,a21d034,0.6.1,31d453f7edd7,mps-arm64-Apple_M1,2026-10-05T08:40:48
libero_spatial,3,light_dimming,0.9500,,1,light_dimming,0.855,fraction removed,,pick up the black bowl on the cookie box and place it on the plate,0,,,280,6,24.87,6.24,8.85,1,50,360,,dose_light_dimming_fine,a21d034,0.6.1,31d453f7edd7,mps-arm64-Apple_M1,2026-10-05T08:41:13
libero_spatial,3,light_dimming,0.8000,,2,light_dimming,0.72,fraction removed,,pick up the black bowl on the cookie box and place it on the plate,1,,,86,2,8.7,2.75,2.85,2,50,360,,dose_light_dimming_fine,a21d034,0.6.1,31d453f7edd7,mps-arm64-Apple_M1,2026-10-05T08:41:21
libero_spatial,3,light_dimming,0.8500,,2,light_dimming,0.765,fraction removed,,pick up the black bowl on the cookie box and place it on the plate,1,,,81,2,9.89,1.53,4.39,2,50,360,,dose_light_dimming_fine,a21d034,0.6.1,31d453f7edd7,mps-arm64-Apple_M1,2026-10-05T08:41:31
libero_spatial,3,light_dimming,0.9000,,2,light_dimming,0.81,fraction removed,,pick up the black bowl on the cookie box and place it on the plate,0,,,280,6,25.21,2.15,11.75,2,50,360,,dose_light_dimming_fine,a21d034,0.6.1,31d453f7edd7,mps-arm64-Apple_M1,2026-10-05T08:41:57
libero_spatial,3,light_dimming,0.9500,,2,light_dimming,0.855,fraction removed,,pick up the black bowl on the cookie box and place it on the plate,0,,,280,6,24.71,7.16,8.1,2,50,360,,dose_light_dimming_fine,a21d034,0.6.1,31d453f7edd7,mps-arm64-Apple_M1,2026-10-05T08:42:21
libero_spatial,3,light_dimming,0.8000,,3,light_dimming,0.72,fraction removed,,pick up the black bowl on the cookie box and place it on the plate,0,,,280,6,20.09,1.7,8.68,3,50,360,,dose_light_dimming_fine,a21d034,0.6.1,31d453f7edd7,mps-arm64-Apple_M1,2026-10-05T08:42:41
libero_spatial,3,light_dimming,0.8500,,3,light_dimming,0.765,fraction removed,,pick up the black bowl on the cookie box and place it on the plate,0,,,280,6,21.19,1.71,9.47,3,50,360,,dose_light_dimming_fine,a21d034,0.6.1,31d453f7edd7,mps-arm64-Apple_M1,2026-10-05T08:43:03
libero_spatial,3,light_dimming,0.9000,,3,light_dimming,0.81,fraction removed,,pick up the black bowl on the cookie box and place it on the plate,1,,,110,3,12.27,3.4,4.84,3,50,360,,dose_light_dimming_fine,a21d034,0.6.1,31d453f7edd7,mps-arm64-Apple_M1,2026-10-05T08:43:15
libero_spatial,3,light_dimming,0.9500,,3,light_dimming,0.855,fraction removed,,pick up the black bowl on the cookie box and place it on the plate,0,,,280,6,19.26,1.55,8.1,3,50,360,,dose_light_dimming_fine,a21d034,0.6.1,31d453f7edd7,mps-arm64-Apple_M1,2026-10-05T08:43:34
libero_spatial,3,light_dimming,0.8000,,4,light_dimming,0.72,fraction removed,,pick up the black bowl on the cookie box and place it on the plate,1,,,83,2,6.97,1.43,2.69,4,50,360,,dose_light_dimming_fine,a21d034,0.6.1,31d453f7edd7,mps-arm64-Apple_M1,2026-10-05T08:43:41
libero_spatial,3,light_dimming,0.8500,,4,light_dimming,0.765,fraction removed,,pick up the black bowl on the cookie box and place it on the plate,1,,,84,2,6.82,1.26,2.67,4,50,360,,dose_light_dimming_fine,a21d034,0.6.1,31d453f7edd7,mps-arm64-Apple_M1,2026-10-05T08:43:48
libero_spatial,3,light_dimming,0.9000,,4,light_dimming,0.81,fraction removed,,pick up the black bowl on the cookie box and place it on the plate,0,,,280,6,18.6,1.22,7.91,4,50,360,,dose_light_dimming_fine,a21d034,0.6.1,31d453f7edd7,mps-arm64-Apple_M1,2026-10-05T08:44:07
libero_spatial,3,light_dimming,0.9500,,4,light_dimming,0.855,fraction removed,,pick up the black bowl on the cookie box and place it on the plate,0,,,280,6,19.36,1.48,8.31,4,50,360,,dose_light_dimming_fine,a21d034,0.6.1,31d453f7edd7,mps-arm64-Apple_M1,2026-10-05T08:44:26
libero_spatial,4,light_dimming,0.8000,,0,light_dimming,0.72,fraction removed,,pick up the black bowl in the top drawer of the wooden cabinet and place it on the plate,1,,,129,3,11.97,3.0,4.39,0,50,360,,dose_light_dimming_fine,a21d034,0.6.1,31d453f7edd7,mps-arm64-Apple_M1,2026-10-05T08:44:38
libero_spatial,4,light_dimming,0.8500,,0,light_dimming,0.765,fraction removed,,pick up the black bowl in the top drawer of the wooden cabinet and place it on the plate,1,,,126,3,9.63,1.31,3.91,0,50,360,,dose_light_dimming_fine,a21d034,0.6.1,31d453f7edd7,mps-arm64-Apple_M1,2026-10-05T08:44:48
libero_spatial,4,light_dimming,0.9000,,0,light_dimming,0.81,fraction removed,,pick up the black bowl in the top drawer of the wooden cabinet and place it on the plate,0,,,280,6,18.79,1.45,7.61,0,50,360,,dose_light_dimming_fine,a21d034,0.6.1,31d453f7edd7,mps-arm64-Apple_M1,2026-10-05T08:45:07
libero_spatial,4,light_dimming,0.9500,,0,light_dimming,0.855,fraction removed,,pick up the black bowl in the top drawer of the wooden cabinet and place it on the plate,0,,,280,6,19.31,1.4,7.53,0,50,360,,dose_light_dimming_fine,a21d034,0.6.1,31d453f7edd7,mps-arm64-Apple_M1,2026-10-05T08:45:26
libero_spatial,4,light_dimming,0.8000,,1,light_dimming,0.72,fraction removed,,pick up the black bowl in the top drawer of the wooden cabinet and place it on the plate,0,,,280,6,20.15,1.6,8.3,1,50,360,,dose_light_dimming_fine,a21d034,0.6.1,31d453f7edd7,mps-arm64-Apple_M1,2026-10-05T08:45:46
libero_spatial,4,light_dimming,0.8500,,1,light_dimming,0.765,fraction removed,,pick up the black bowl in the top drawer of the wooden cabinet and place it on the plate,0,,,280,6,20.26,2.46,7.97,1,50,360,,dose_light_dimming_fine,a21d034,0.6.1,31d453f7edd7,mps-arm64-Apple_M1,2026-10-05T08:46:06
libero_spatial,4,light_dimming,0.9000,,1,light_dimming,0.81,fraction removed,,pick up the black bowl in the top drawer of the wooden cabinet and place it on the plate,0,,,280,6,20.1,1.48,7.98,1,50,360,,dose_light_dimming_fine,a21d034,0.6.1,31d453f7edd7,mps-arm64-Apple_M1,2026-10-05T08:46:26
libero_spatial,4,light_dimming,0.9500,,1,light_dimming,0.855,fraction removed,,pick up the black bowl in the top drawer of the wooden cabinet and place it on the plate,0,,,280,6,19.27,1.65,7.83,1,50,360,,dose_light_dimming_fine,a21d034,0.6.1,31d453f7edd7,mps-arm64-Apple_M1,2026-10-05T08:46:46
libero_spatial,4,light_dimming,0.8000,,2,light_dimming,0.72,fraction removed,,pick up the black bowl in the top drawer of the wooden cabinet and place it on the plate,0,,,280,6,18.89,1.41,7.8,2,50,360,,dose_light_dimming_fine,a21d034,0.6.1,31d453f7edd7,mps-arm64-Apple_M1,2026-10-05T08:47:05
libero_spatial,4,light_dimming,0.8500,,2,light_dimming,0.765,fraction removed,,pick up the black bowl in the top drawer of the wooden cabinet and place it on the plate,0,,,280,6,18.44,1.42,7.5,2,50,360,,dose_light_dimming_fine,a21d034,0.6.1,31d453f7edd7,mps-arm64-Apple_M1,2026-10-05T08:47:23
libero_spatial,4,light_dimming,0.9000,,2,light_dimming,0.81,fraction removed,,pick up the black bowl in the top drawer of the wooden cabinet and place it on the plate,0,,,280,6,18.67,1.31,7.75,2,50,360,,dose_light_dimming_fine,a21d034,0.6.1,31d453f7edd7,mps-arm64-Apple_M1,2026-10-05T08:47:42
libero_spatial,4,light_dimming,0.9500,,2,light_dimming,0.855,fraction removed,,pick up the black bowl in the top drawer of the wooden cabinet and place it on the plate,0,,,280,6,18.31,1.32,7.44,2,50,360,,dose_light_dimming_fine,a21d034,0.6.1,31d453f7edd7,mps-arm64-Apple_M1,2026-10-05T08:48:00
libero_spatial,4,light_dimming,0.8000,,3,light_dimming,0.72,fraction removed,,pick up the black bowl in the top drawer of the wooden cabinet and place it on the plate,0,,,280,6,18.85,1.3,7.76,3,50,360,,dose_light_dimming_fine,a21d034,0.6.1,31d453f7edd7,mps-arm64-Apple_M1,2026-10-05T08:48:19
libero_spatial,4,light_dimming,0.8500,,3,light_dimming,0.765,fraction removed,,pick up the black bowl in the top drawer of the wooden cabinet and place it on the plate,0,,,280,6,19.52,1.7,8.08,3,50,360,,dose_light_dimming_fine,a21d034,0.6.1,31d453f7edd7,mps-arm64-Apple_M1,2026-10-05T08:48:38
libero_spatial,4,light_dimming,0.9000,,3,light_dimming,0.81,fraction removed,,pick up the black bowl in the top drawer of the wooden cabinet and place it on the plate,0,,,280,6,19.27,1.45,7.44,3,50,360,,dose_light_dimming_fine,a21d034,0.6.1,31d453f7edd7,mps-arm64-Apple_M1,2026-10-05T08:48:58
libero_spatial,4,light_dimming,0.9500,,3,light_dimming,0.855,fraction removed,,pick up the black bowl in the top drawer of the wooden cabinet and place it on the plate,0,,,280,6,18.7,1.36,7.72,3,50,360,,dose_light_dimming_fine,a21d034,0.6.1,31d453f7edd7,mps-arm64-Apple_M1,2026-10-05T08:49:16
libero_spatial,4,light_dimming,0.8000,,4,light_dimming,0.72,fraction removed,,pick up the black bowl in the top drawer of the wooden cabinet and place it on the plate,1,,,129,3,9.59,1.31,3.85,4,50,360,,dose_light_dimming_fine,a21d034,0.6.1,31d453f7edd7,mps-arm64-Apple_M1,2026-10-05T08:49:26
libero_spatial,4,light_dimming,0.8500,,4,light_dimming,0.765,fraction removed,,pick up the black bowl in the top drawer of the wooden cabinet and place it on the plate,0,,,280,6,18.77,1.38,7.72,4,50,360,,dose_light_dimming_fine,a21d034,0.6.1,31d453f7edd7,mps-arm64-Apple_M1,2026-10-05T08:49:45
libero_spatial,4,light_dimming,0.9000,,4,light_dimming,0.81,fraction removed,,pick up the black bowl in the top drawer of the wooden cabinet and place it on the plate,0,,,280,6,19.14,1.41,7.85,4,50,360,,dose_light_dimming_fine,a21d034,0.6.1,31d453f7edd7,mps-arm64-Apple_M1,2026-10-05T08:50:04
libero_spatial,4,light_dimming,0.9500,,4,light_dimming,0.855,fraction removed,,pick up the black bowl in the top drawer of the wooden cabinet and place it on the plate,0,,,280,6,18.34,1.56,7.23,4,50,360,,dose_light_dimming_fine,a21d034,0.6.1,31d453f7edd7,mps-arm64-Apple_M1,2026-10-05T08:50:22
libero_spatial,5,light_dimming,0.8000,,0,light_dimming,0.72,fraction removed,,pick up the black bowl on the ramekin and place it on the plate,0,,,280,6,18.87,2.26,7.3,0,50,360,,dose_light_dimming_fine,a21d034,0.6.1,31d453f7edd7,mps-arm64-Apple_M1,2026-10-05T08:50:41
