suite,task_id,condition,intensity,variant,episode,perturbation,magnitude,unit,sign,instruction,instruction_used,similarity,success,goals_achieved,goals_at_reset,steps,n_policy_calls,duration_s,reset_s,policy_s,seed,n_action_steps,resolution,residual,config,git_commit,lerobot_version,checkpoint_revision,device,date
libero_spatial,0,paraphrase,0.0000,paraphrase_0,0,none,0.0,,,take the black bowl that sits between the plate and the ramekin and put it on the plate,pick up the black bowl between the plate and the ramekin and place it on the plate,0.9744,1,,,81,2,12.72,5.0,3.65,0,50,360,,language_spatial_canonical,97e1e69,0.6.1,31d453f7edd7,mps-arm64-Apple_M1,2026-10-05T23:51:17
libero_spatial,0,paraphrase,0.0000,paraphrase_1,0,none,0.0,,,move the bowl located between the ramekin and the plate onto the plate,pick up the black bowl between the plate and the ramekin and place it on the plate,0.9018,1,,,81,2,10.3,2.03,3.35,0,50,360,,language_spatial_canonical,97e1e69,0.6.1,31d453f7edd7,mps-arm64-Apple_M1,2026-10-05T23:51:27
libero_spatial,0,paraphrase,0.0000,paraphrase_0,1,none,0.0,,,take the black bowl that sits between the plate and the ramekin and put it on the plate,pick up the black bowl between the plate and the ramekin and place it on the plate,0.9744,1,,,81,2,12.24,1.78,3.84,1,50,360,,language_spatial_canonical,97e1e69,0.6.1,31d453f7edd7,mps-arm64-Apple_M1,2026-10-05T23:51:39
libero_spatial,0,paraphrase,0.0000,paraphrase_1,1,none,0.0,,,move the bowl located between the ramekin and the plate onto the plate,pick up the black bowl between the plate and the ramekin and place it on the plate,0.9018,1,,,81,2,13.19,2.08,4.13,1,50,360,,language_spatial_canonical,97e1e69,0.6.1,31d453f7edd7,mps-arm64-Apple_M1,2026-10-05T23:51:53
libero_spatial,0,paraphrase,0.0000,paraphrase_0,2,none,0.0,,,take the black bowl that sits between the plate and the ramekin and put it on the plate,pick up the black bowl between the plate and the ramekin and place it on the plate,0.9744,1,,,78,2,14.16,2.78,4.42,2,50,360,,language_spatial_canonical,97e1e69,0.6.1,31d453f7edd7,mps-arm64-Apple_M1,2026-10-05T23:52:07
libero_spatial,0,paraphrase,0.0000,paraphrase_1,2,none,0.0,,,move the bowl located between the ramekin and the plate onto the plate,pick up the black bowl between the plate and the ramekin and place it on the plate,0.9018,1,,,78,2,11.69,2.33,3.39,2,50,360,,language_spatial_canonical,97e1e69,0.6.1,31d453f7edd7,mps-arm64-Apple_M1,2026-10-05T23:52:19
libero_spatial,0,paraphrase,0.0000,paraphrase_0,3,none,0.0,,,take the black bowl that sits between the plate and the ramekin and put it on the plate,pick up the black bowl between the plate and the ramekin and place it on the plate,0.9744,1,,,84,2,13.38,1.99,4.59,3,50,360,,language_spatial_canonical,97e1e69,0.6.1,31d453f7edd7,mps-arm64-Apple_M1,2026-10-05T23:52:33
libero_spatial,0,paraphrase,0.0000,paraphrase_1,3,none,0.0,,,move the bowl located between the ramekin and the plate onto the plate,pick up the black bowl between the plate and the ramekin and place it on the plate,0.9018,1,,,84,2,11.34,1.73,3.26,3,50,360,,language_spatial_canonical,97e1e69,0.6.1,31d453f7edd7,mps-arm64-Apple_M1,2026-10-05T23:52:44
libero_spatial,0,paraphrase,0.0000,paraphrase_0,4,none,0.0,,,take the black bowl that sits between the plate and the ramekin and put it on the plate,pick up the black bowl between the plate and the ramekin and place it on the plate,0.9744,1,,,81,2,13.28,1.91,4.26,4,50,360,,language_spatial_canonical,97e1e69,0.6.1,31d453f7edd7,mps-arm64-Apple_M1,2026-10-05T23:52:57
libero_spatial,0,paraphrase,0.0000,paraphrase_1,4,none,0.0,,,move the bowl located between the ramekin and the plate onto the plate,pick up the black bowl between the plate and the ramekin and place it on the plate,0.9018,1,,,81,2,14.35,2.38,4.31,4,50,360,,language_spatial_canonical,97e1e69,0.6.1,31d453f7edd7,mps-arm64-Apple_M1,2026-10-05T23:53:12
libero_spatial,1,paraphrase,0.0000,paraphrase_0,0,none,0.0,,,take the black bowl beside the ramekin and put it on the plate,pick up the black bowl on the ramekin and place it on the plate,0.9879,0,,,280,6,31.9,3.11,9.14,0,50,360,,language_spatial_canonical,97e1e69,0.6.1,31d453f7edd7,mps-arm64-Apple_M1,2026-10-05T23:53:44
libero_spatial,1,paraphrase,0.0000,paraphrase_1,0,none,0.0,,,put the bowl that is next to the ramekin onto the plate,pick up the black bowl next to the ramekin and place it on the plate,0.9405,1,,,108,3,15.16,2.1,5.05,0,50,360,,language_spatial_canonical,97e1e69,0.6.1,31d453f7edd7,mps-arm64-Apple_M1,2026-10-05T23:53:59
libero_spatial,1,paraphrase,0.0000,paraphrase_0,1,none,0.0,,,take the black bowl beside the ramekin and put it on the plate,pick up the black bowl on the ramekin and place it on the plate,0.9879,0,,,280,6,34.93,3.08,11.2,1,50,360,,language_spatial_canonical,97e1e69,0.6.1,31d453f7edd7,mps-arm64-Apple_M1,2026-10-05T23:54:34
libero_spatial,1,paraphrase,0.0000,paraphrase_1,1,none,0.0,,,put the bowl that is next to the ramekin onto the plate,pick up the black bowl next to the ramekin and place it on the plate,0.9405,0,,,280,6,33.94,2.49,10.47,1,50,360,,language_spatial_canonical,97e1e69,0.6.1,31d453f7edd7,mps-arm64-Apple_M1,2026-10-05T23:55:09
libero_spatial,1,paraphrase,0.0000,paraphrase_0,2,none,0.0,,,take the black bowl beside the ramekin and put it on the plate,pick up the black bowl on the ramekin and place it on the plate,0.9879,0,,,280,6,36.83,2.43,12.12,2,50,360,,language_spatial_canonical,97e1e69,0.6.1,31d453f7edd7,mps-arm64-Apple_M1,2026-10-05T23:55:46
libero_spatial,1,paraphrase,0.0000,paraphrase_1,2,none,0.0,,,put the bowl that is next to the ramekin onto the plate,pick up the black bowl next to the ramekin and place it on the plate,0.9405,0,,,280,6,36.89,2.26,12.12,2,50,360,,language_spatial_canonical,97e1e69,0.6.1,31d453f7edd7,mps-arm64-Apple_M1,2026-10-05T23:56:23
libero_spatial,1,paraphrase,0.0000,paraphrase_0,3,none,0.0,,,take the black bowl beside the ramekin and put it on the plate,pick up the black bowl on the ramekin and place it on the plate,0.9879,0,,,280,6,34.84,2.4,10.99,3,50,360,,language_spatial_canonical,97e1e69,0.6.1,31d453f7edd7,mps-arm64-Apple_M1,2026-10-05T23:56:58
libero_spatial,1,paraphrase,0.0000,paraphrase_1,3,none,0.0,,,put the bowl that is next to the ramekin onto the plate,pick up the black bowl next to the ramekin and place it on the plate,0.9405,1,,,107,3,15.17,2.19,5.18,3,50,360,,language_spatial_canonical,97e1e69,0.6.1,31d453f7edd7,mps-arm64-Apple_M1,2026-10-05T23:57:13
libero_spatial,1,paraphrase,0.0000,paraphrase_0,4,none,0.0,,,take the black bowl beside the ramekin and put it on the plate,pick up the black bowl on the ramekin and place it on the plate,0.9879,0,,,280,6,35.9,2.33,11.59,4,50,360,,language_spatial_canonical,97e1e69,0.6.1,31d453f7edd7,mps-arm64-Apple_M1,2026-10-05T23:57:49
libero_spatial,1,paraphrase,0.0000,paraphrase_1,4,none,0.0,,,put the bowl that is next to the ramekin onto the plate,pick up the black bowl next to the ramekin and place it on the plate,0.9405,1,,,112,3,17.16,2.58,5.77,4,50,360,,language_spatial_canonical,97e1e69,0.6.1,31d453f7edd7,mps-arm64-Apple_M1,2026-10-05T23:58:07
libero_spatial,2,paraphrase,0.0000,paraphrase_0,0,none,0.0,,,take the black bowl in the middle of the table and put it on the plate,pick up the black bowl from table center and place it on the plate,0.9586,1,,,111,3,20.97,4.73,6.75,0,50,360,,language_spatial_canonical,97e1e69,0.6.1,31d453f7edd7,mps-arm64-Apple_M1,2026-10-05T23:58:28
libero_spatial,2,paraphrase,0.0000,paraphrase_1,0,none,0.0,,,move the bowl at the center of the table onto the plate,pick up the black bowl from table center and place it on the plate,0.8673,1,,,111,3,15.65,2.13,4.97,0,50,360,,language_spatial_canonical,97e1e69,0.6.1,31d453f7edd7,mps-arm64-Apple_M1,2026-10-05T23:58:44
libero_spatial,2,paraphrase,0.0000,paraphrase_0,1,none,0.0,,,take the black bowl in the middle of the table and put it on the plate,pick up the black bowl from table center and place it on the plate,0.9586,1,,,94,2,14.31,2.61,4.03,1,50,360,,language_spatial_canonical,97e1e69,0.6.1,31d453f7edd7,mps-arm64-Apple_M1,2026-10-05T23:58:58
libero_spatial,2,paraphrase,0.0000,paraphrase_1,1,none,0.0,,,move the bowl at the center of the table onto the plate,pick up the black bowl from table center and place it on the plate,0.8673,1,,,94,2,15.36,2.2,4.43,1,50,360,,language_spatial_canonical,97e1e69,0.6.1,31d453f7edd7,mps-arm64-Apple_M1,2026-10-05T23:59:14
libero_spatial,2,paraphrase,0.0000,paraphrase_0,2,none,0.0,,,take the black bowl in the middle of the table and put it on the plate,pick up the black bowl from table center and place it on the plate,0.9586,1,,,101,3,17.45,2.37,6.41,2,50,360,,language_spatial_canonical,97e1e69,0.6.1,31d453f7edd7,mps-arm64-Apple_M1,2026-10-05T23:59:32
libero_spatial,2,paraphrase,0.0000,paraphrase_1,2,none,0.0,,,move the bowl at the center of the table onto the plate,pick up the black bowl from table center and place it on the plate,0.8673,1,,,101,3,15.96,2.79,5.13,2,50,360,,language_spatial_canonical,97e1e69,0.6.1,31d453f7edd7,mps-arm64-Apple_M1,2026-10-05T23:59:48
libero_spatial,2,paraphrase,0.0000,paraphrase_0,3,none,0.0,,,take the black bowl in the middle of the table and put it on the plate,pick up the black bowl from table center and place it on the plate,0.9586,1,,,100,2,16.23,2.92,3.79,3,50,360,,language_spatial_canonical,97e1e69,0.6.1,31d453f7edd7,mps-arm64-Apple_M1,2026-10-06T00:00:04
libero_spatial,2,paraphrase,0.0000,paraphrase_1,3,none,0.0,,,move the bowl at the center of the table onto the plate,pick up the black bowl from table center and place it on the plate,0.8673,1,,,100,2,13.91,2.06,3.83,3,50,360,,language_spatial_canonical,97e1e69,0.6.1,31d453f7edd7,mps-arm64-Apple_M1,2026-10-06T00:00:19
libero_spatial,2,paraphrase,0.0000,paraphrase_0,4,none,0.0,,,take the black bowl in the middle of the table and put it on the plate,pick up the black bowl from table center and place it on the plate,0.9586,1,,,112,3,21.72,2.19,8.24,4,50,360,,language_spatial_canonical,97e1e69,0.6.1,31d453f7edd7,mps-arm64-Apple_M1,2026-10-06T00:00:40
libero_spatial,2,paraphrase,0.0000,paraphrase_1,4,none,0.0,,,move the bowl at the center of the table onto the plate,pick up the black bowl from table center and place it on the plate,0.8673,1,,,112,3,20.81,2.46,7.24,4,50,360,,language_spatial_canonical,97e1e69,0.6.1,31d453f7edd7,mps-arm64-Apple_M1,2026-10-06T00:01:02
libero_spatial,3,paraphrase,0.0000,paraphrase_0,0,none,0.0,,,take the black bowl sitting on the cookie box and put it on the plate,pick up the black bowl on the cookie box and place it on the plate,0.9897,1,,,90,2,15.59,4.05,3.68,0,50,360,,language_spatial_canonical,97e1e69,0.6.1,31d453f7edd7,mps-arm64-Apple_M1,2026-10-06T00:01:18
libero_spatial,3,paraphrase,0.0000,paraphrase_1,0,none,0.0,,,move the bowl from the top of the cookie box onto the plate,pick up the black bowl next to the cookie box and place it on the plate,0.9149,0,,,280,6,39.37,1.87,12.82,0,50,360,,language_spatial_canonical,97e1e69,0.6.1,31d453f7edd7,mps-arm64-Apple_M1,2026-10-06T00:01:57
libero_spatial,3,paraphrase,0.0000,paraphrase_0,1,none,0.0,,,take the black bowl sitting on the cookie box and put it on the plate,pick up the black bowl on the cookie box and place it on the plate,0.9897,1,,,81,2,11.9,2.13,3.34,1,50,360,,language_spatial_canonical,97e1e69,0.6.1,31d453f7edd7,mps-arm64-Apple_M1,2026-10-06T00:02:09
libero_spatial,3,paraphrase,0.0000,paraphrase_1,1,none,0.0,,,move the bowl from the top of the cookie box onto the plate,pick up the black bowl next to the cookie box and place it on the plate,0.9149,0,,,280,6,37.55,2.25,11.44,1,50,360,,language_spatial_canonical,97e1e69,0.6.1,31d453f7edd7,mps-arm64-Apple_M1,2026-10-06T00:02:47
libero_spatial,3,paraphrase,0.0000,paraphrase_0,2,none,0.0,,,take the black bowl sitting on the cookie box and put it on the plate,pick up the black bowl on the cookie box and place it on the plate,0.9897,1,,,76,2,15.06,2.57,4.92,2,50,360,,language_spatial_canonical,97e1e69,0.6.1,31d453f7edd7,mps-arm64-Apple_M1,2026-10-06T00:03:02
libero_spatial,3,paraphrase,0.0000,paraphrase_1,2,none,0.0,,,move the bowl from the top of the cookie box onto the plate,pick up the black bowl next to the cookie box and place it on the plate,0.9149,0,,,280,6,34.72,2.68,10.48,2,50,360,,language_spatial_canonical,97e1e69,0.6.1,31d453f7edd7,mps-arm64-Apple_M1,2026-10-06T00:03:37
libero_spatial,3,paraphrase,0.0000,paraphrase_0,3,none,0.0,,,take the black bowl sitting on the cookie box and put it on the plate,pick up the black bowl on the cookie box and place it on the plate,0.9897,1,,,82,2,11.11,1.86,3.26,3,50,360,,language_spatial_canonical,97e1e69,0.6.1,31d453f7edd7,mps-arm64-Apple_M1,2026-10-06T00:03:49
libero_spatial,3,paraphrase,0.0000,paraphrase_1,3,none,0.0,,,move the bowl from the top of the cookie box onto the plate,pick up the black bowl next to the cookie box and place it on the plate,0.9149,0,,,280,6,38.32,1.94,12.73,3,50,360,,language_spatial_canonical,97e1e69,0.6.1,31d453f7edd7,mps-arm64-Apple_M1,2026-10-06T00:04:27
libero_spatial,3,paraphrase,0.0000,paraphrase_0,4,none,0.0,,,take the black bowl sitting on the cookie box and put it on the plate,pick up the black bowl on the cookie box and place it on the plate,0.9897,1,,,86,2,13.9,2.47,4.34,4,50,360,,language_spatial_canonical,97e1e69,0.6.1,31d453f7edd7,mps-arm64-Apple_M1,2026-10-06T00:04:41
libero_spatial,3,paraphrase,0.0000,paraphrase_1,4,none,0.0,,,move the bowl from the top of the cookie box onto the plate,pick up the black bowl next to the cookie box and place it on the plate,0.9149,0,,,280,6,33.69,1.89,10.29,4,50,360,,language_spatial_canonical,97e1e69,0.6.1,31d453f7edd7,mps-arm64-Apple_M1,2026-10-06T00:05:15
libero_spatial,4,paraphrase,0.0000,paraphrase_0,0,none,0.0,,,take the black bowl from the top drawer of the wooden cabinet and put it on the plate,pick up the black bowl in the top drawer of the wooden cabinet and place it on the plate,0.986,1,,,123,3,23.52,5.45,6.64,0,50,360,,language_spatial_canonical,97e1e69,0.6.1,31d453f7edd7,mps-arm64-Apple_M1,2026-10-06T00:05:39
libero_spatial,4,paraphrase,0.0000,paraphrase_1,0,none,0.0,,,get the bowl out of the cabinet's top drawer and set it on the plate,pick up the black bowl in the top drawer of the wooden cabinet and place it on the plate,0.8894,1,,,130,3,20.33,2.92,6.11,0,50,360,,language_spatial_canonical,97e1e69,0.6.1,31d453f7edd7,mps-arm64-Apple_M1,2026-10-06T00:06:00
libero_spatial,4,paraphrase,0.0000,paraphrase_0,1,none,0.0,,,take the black bowl from the top drawer of the wooden cabinet and put it on the plate,pick up the black bowl in the top drawer of the wooden cabinet and place it on the plate,0.986,0,,,280,6,36.16,2.52,10.43,1,50,360,,language_spatial_canonical,97e1e69,0.6.1,31d453f7edd7,mps-arm64-Apple_M1,2026-10-06T00:06:36
libero_spatial,4,paraphrase,0.0000,paraphrase_1,1,none,0.0,,,get the bowl out of the cabinet's top drawer and set it on the plate,pick up the black bowl in the top drawer of the wooden cabinet and place it on the plate,0.8894,0,,,280,6,42.66,2.09,13.99,1,50,360,,language_spatial_canonical,97e1e69,0.6.1,31d453f7edd7,mps-arm64-Apple_M1,2026-10-06T00:07:19
libero_spatial,4,paraphrase,0.0000,paraphrase_0,2,none,0.0,,,take the black bowl from the top drawer of the wooden cabinet and put it on the plate,pick up the black bowl in the top drawer of the wooden cabinet and place it on the plate,0.986,0,,,280,6,40.06,2.46,12.44,2,50,360,,language_spatial_canonical,97e1e69,0.6.1,31d453f7edd7,mps-arm64-Apple_M1,2026-10-06T00:07:59
libero_spatial,4,paraphrase,0.0000,paraphrase_1,2,none,0.0,,,get the bowl out of the cabinet's top drawer and set it on the plate,pick up the black bowl in the top drawer of the wooden cabinet and place it on the plate,0.8894,1,,,132,3,18.52,2.65,5.28,2,50,360,,language_spatial_canonical,97e1e69,0.6.1,31d453f7edd7,mps-arm64-Apple_M1,2026-10-06T00:08:18
libero_spatial,4,paraphrase,0.0000,paraphrase_0,3,none,0.0,,,take the black bowl from the top drawer of the wooden cabinet and put it on the plate,pick up the black bowl in the top drawer of the wooden cabinet and place it on the plate,0.986,0,,,280,6,43.17,2.91,13.8,3,50,360,,language_spatial_canonical,97e1e69,0.6.1,31d453f7edd7,mps-arm64-Apple_M1,2026-10-06T00:09:01
libero_spatial,4,paraphrase,0.0000,paraphrase_1,3,none,0.0,,,get the bowl out of the cabinet's top drawer and set it on the plate,pick up the black bowl in the top drawer of the wooden cabinet and place it on the plate,0.8894,0,,,280,6,39.07,2.38,11.5,3,50,360,,language_spatial_canonical,97e1e69,0.6.1,31d453f7edd7,mps-arm64-Apple_M1,2026-10-06T00:09:40
libero_spatial,4,paraphrase,0.0000,paraphrase_0,4,none,0.0,,,take the black bowl from the top drawer of the wooden cabinet and put it on the plate,pick up the black bowl in the top drawer of the wooden cabinet and place it on the plate,0.986,0,,,280,6,36.28,2.46,10.51,4,50,360,,language_spatial_canonical,97e1e69,0.6.1,31d453f7edd7,mps-arm64-Apple_M1,2026-10-06T00:10:17
libero_spatial,4,paraphrase,0.0000,paraphrase_1,4,none,0.0,,,get the bowl out of the cabinet's top drawer and set it on the plate,pick up the black bowl in the top drawer of the wooden cabinet and place it on the plate,0.8894,0,,,280,6,42.24,2.26,13.31,4,50,360,,language_spatial_canonical,97e1e69,0.6.1,31d453f7edd7,mps-arm64-Apple_M1,2026-10-06T00:10:59
libero_spatial,5,paraphrase,0.0000,paraphrase_0,0,none,0.0,,,take the black bowl sitting on the ramekin and put it on the plate,pick up the black bowl on the ramekin and place it on the plate,0.9883,0,,,280,6,37.51,5.71,11.05,0,50,360,,language_spatial_canonical,97e1e69,0.6.1,31d453f7edd7,mps-arm64-Apple_M1,2026-10-06T00:11:38
libero_spatial,5,paraphrase,0.0000,paraphrase_1,0,none,0.0,,,move the bowl stacked on the ramekin onto the plate,pick up the black bowl next to the ramekin and place it on the plate,0.9085,0,,,280,6,40.5,2.33,12.76,0,50,360,,language_spatial_canonical,97e1e69,0.6.1,31d453f7edd7,mps-arm64-Apple_M1,2026-10-06T00:12:18
libero_spatial,5,paraphrase,0.0000,paraphrase_0,1,none,0.0,,,take the black bowl sitting on the ramekin and put it on the plate,pick up the black bowl on the ramekin and place it on the plate,0.9883,0,,,280,6,33.47,2.31,9.22,1,50,360,,language_spatial_canonical,97e1e69,0.6.1,31d453f7edd7,mps-arm64-Apple_M1,2026-10-06T00:12:52
libero_spatial,5,paraphrase,0.0000,paraphrase_1,1,none,0.0,,,move the bowl stacked on the ramekin onto the plate,pick up the black bowl next to the ramekin and place it on the plate,0.9085,0,,,280,6,38.98,2.08,12.63,1,50,360,,language_spatial_canonical,97e1e69,0.6.1,31d453f7edd7,mps-arm64-Apple_M1,2026-10-06T00:13:31
libero_spatial,5,paraphrase,0.0000,paraphrase_0,2,none,0.0,,,take the black bowl sitting on the ramekin and put it on the plate,pick up the black bowl on the ramekin and place it on the plate,0.9883,1,,,121,3,16.59,2.29,4.85,2,50,360,,language_spatial_canonical,97e1e69,0.6.1,31d453f7edd7,mps-arm64-Apple_M1,2026-10-06T00:13:48
libero_spatial,5,paraphrase,0.0000,paraphrase_1,2,none,0.0,,,move the bowl stacked on the ramekin onto the plate,pick up the black bowl next to the ramekin and place it on the plate,0.9085,0,,,280,6,32.97,2.5,10.1,2,50,360,,language_spatial_canonical,97e1e69,0.6.1,31d453f7edd7,mps-arm64-Apple_M1,2026-10-06T00:14:21
libero_spatial,5,paraphrase,0.0000,paraphrase_0,3,none,0.0,,,take the black bowl sitting on the ramekin and put it on the plate,pick up the black bowl on the ramekin and place it on the plate,0.9883,0,,,280,6,38.79,2.75,12.22,3,50,360,,language_spatial_canonical,97e1e69,0.6.1,31d453f7edd7,mps-arm64-Apple_M1,2026-10-06T00:15:00
libero_spatial,5,paraphrase,0.0000,paraphrase_1,3,none,0.0,,,move the bowl stacked on the ramekin onto the plate,pick up the black bowl next to the ramekin and place it on the plate,0.9085,0,,,280,6,37.98,2.53,11.66,3,50,360,,language_spatial_canonical,97e1e69,0.6.1,31d453f7edd7,mps-arm64-Apple_M1,2026-10-06T00:15:38
libero_spatial,5,paraphrase,0.0000,paraphrase_0,4,none,0.0,,,take the black bowl sitting on the ramekin and put it on the plate,pick up the black bowl on the ramekin and place it on the plate,0.9883,0,,,280,6,34.93,2.48,10.54,4,50,360,,language_spatial_canonical,97e1e69,0.6.1,31d453f7edd7,mps-arm64-Apple_M1,2026-10-06T00:16:14
libero_spatial,5,paraphrase,0.0000,paraphrase_1,4,none,0.0,,,move the bowl stacked on the ramekin onto the plate,pick up the black bowl next to the ramekin and place it on the plate,0.9085,0,,,280,6,42.45,2.99,13.73,4,50,360,,language_spatial_canonical,97e1e69,0.6.1,31d453f7edd7,mps-arm64-Apple_M1,2026-10-06T00:16:56
libero_spatial,6,paraphrase,0.0000,paraphrase_0,0,none,0.0,,,take the black bowl beside the cookie box and put it on the plate,pick up the black bowl on the cookie box and place it on the plate,0.9889,0,,,280,6,37.32,4.8,10.17,0,50,360,,language_spatial_canonical,97e1e69,0.6.1,31d453f7edd7,mps-arm64-Apple_M1,2026-10-06T00:17:34
libero_spatial,6,paraphrase,0.0000,paraphrase_1,0,none,0.0,,,put the bowl that is next to the cookie box onto the plate,pick up the black bowl next to the cookie box and place it on the plate,0.9381,0,,,280,6,41.04,2.34,13.5,0,50,360,,language_spatial_canonical,97e1e69,0.6.1,31d453f7edd7,mps-arm64-Apple_M1,2026-10-06T00:18:16
libero_spatial,6,paraphrase,0.0000,paraphrase_0,1,none,0.0,,,take the black bowl beside the cookie box and put it on the plate,pick up the black bowl on the cookie box and place it on the plate,0.9889,0,,,280,6,35.42,2.56,10.3,1,50,360,,language_spatial_canonical,97e1e69,0.6.1,31d453f7edd7,mps-arm64-Apple_M1,2026-10-06T00:18:51
libero_spatial,6,paraphrase,0.0000,paraphrase_1,1,none,0.0,,,put the bowl that is next to the cookie box onto the plate,pick up the black bowl next to the cookie box and place it on the plate,0.9381,1,,,103,3,17.49,2.47,5.88,1,50,360,,language_spatial_canonical,97e1e69,0.6.1,31d453f7edd7,mps-arm64-Apple_M1,2026-10-06T00:19:09
libero_spatial,6,paraphrase,0.0000,paraphrase_0,2,none,0.0,,,take the black bowl beside the cookie box and put it on the plate,pick up the black bowl on the cookie box and place it on the plate,0.9889,1,,,93,2,16.87,3.37,5.05,2,50,360,,language_spatial_canonical,97e1e69,0.6.1,31d453f7edd7,mps-arm64-Apple_M1,2026-10-06T00:19:26
libero_spatial,6,paraphrase,0.0000,paraphrase_1,2,none,0.0,,,put the bowl that is next to the cookie box onto the plate,pick up the black bowl next to the cookie box and place it on the plate,0.9381,1,,,106,3,16.41,2.34,5.47,2,50,360,,language_spatial_canonical,97e1e69,0.6.1,31d453f7edd7,mps-arm64-Apple_M1,2026-10-06T00:19:43
libero_spatial,6,paraphrase,0.0000,paraphrase_0,3,none,0.0,,,take the black bowl beside the cookie box and put it on the plate,pick up the black bowl on the cookie box and place it on the plate,0.9889,0,,,280,6,35.05,2.97,9.88,3,50,360,,language_spatial_canonical,97e1e69,0.6.1,31d453f7edd7,mps-arm64-Apple_M1,2026-10-06T00:20:18
libero_spatial,6,paraphrase,0.0000,paraphrase_1,3,none,0.0,,,put the bowl that is next to the cookie box onto the plate,pick up the black bowl next to the cookie box and place it on the plate,0.9381,1,,,99,2,14.88,2.22,3.82,3,50,360,,language_spatial_canonical,97e1e69,0.6.1,31d453f7edd7,mps-arm64-Apple_M1,2026-10-06T00:20:33
libero_spatial,6,paraphrase,0.0000,paraphrase_0,4,none,0.0,,,take the black bowl beside the cookie box and put it on the plate,pick up the black bowl on the cookie box and place it on the plate,0.9889,0,,,280,6,36.0,2.54,10.97,4,50,360,,language_spatial_canonical,97e1e69,0.6.1,31d453f7edd7,mps-arm64-Apple_M1,2026-10-06T00:21:09
libero_spatial,6,paraphrase,0.0000,paraphrase_1,4,none,0.0,,,put the bowl that is next to the cookie box onto the plate,pick up the black bowl next to the cookie box and place it on the plate,0.9381,1,,,106,3,15.2,2.51,4.74,4,50,360,,language_spatial_canonical,97e1e69,0.6.1,31d453f7edd7,mps-arm64-Apple_M1,2026-10-06T00:21:25
libero_spatial,7,paraphrase,0.0000,paraphrase_0,0,none,0.0,,,take the black bowl sitting on the stove and put it on the plate,pick up the black bowl on the stove and place it on the plate,0.9853,1,,,121,3,22.3,4.74,6.31,0,50,360,,language_spatial_canonical,97e1e69,0.6.1,31d453f7edd7,mps-arm64-Apple_M1,2026-10-06T00:21:47
libero_spatial,7,paraphrase,0.0000,paraphrase_1,0,none,0.0,,,move the bowl from the stove onto the plate,pick up the black bowl on the stove and place it on the plate,0.8865,1,,,121,3,15.61,2.28,4.73,0,50,360,,language_spatial_canonical,97e1e69,0.6.1,31d453f7edd7,mps-arm64-Apple_M1,2026-10-06T00:22:03
libero_spatial,7,paraphrase,0.0000,paraphrase_0,1,none,0.0,,,take the black bowl sitting on the stove and put it on the plate,pick up the black bowl on the stove and place it on the plate,0.9853,1,,,120,3,16.32,2.13,5.01,1,50,360,,language_spatial_canonical,97e1e69,0.6.1,31d453f7edd7,mps-arm64-Apple_M1,2026-10-06T00:22:19
libero_spatial,7,paraphrase,0.0000,paraphrase_1,1,none,0.0,,,move the bowl from the stove onto the plate,pick up the black bowl on the stove and place it on the plate,0.8865,1,,,120,3,19.1,2.64,6.02,1,50,360,,language_spatial_canonical,97e1e69,0.6.1,31d453f7edd7,mps-arm64-Apple_M1,2026-10-06T00:22:38
libero_spatial,7,paraphrase,0.0000,paraphrase_0,2,none,0.0,,,take the black bowl sitting on the stove and put it on the plate,pick up the black bowl on the stove and place it on the plate,0.9853,0,,,280,6,36.83,2.49,11.46,2,50,360,,language_spatial_canonical,97e1e69,0.6.1,31d453f7edd7,mps-arm64-Apple_M1,2026-10-06T00:23:16
libero_spatial,7,paraphrase,0.0000,paraphrase_1,2,none,0.0,,,move the bowl from the stove onto the plate,pick up the black bowl on the stove and place it on the plate,0.8865,0,,,280,6,35.68,2.25,10.92,2,50,360,,language_spatial_canonical,97e1e69,0.6.1,31d453f7edd7,mps-arm64-Apple_M1,2026-10-06T00:23:51
libero_spatial,7,paraphrase,0.0000,paraphrase_0,3,none,0.0,,,take the black bowl sitting on the stove and put it on the plate,pick up the black bowl on the stove and place it on the plate,0.9853,1,,,118,3,19.62,2.55,6.39,3,50,360,,language_spatial_canonical,97e1e69,0.6.1,31d453f7edd7,mps-arm64-Apple_M1,2026-10-06T00:24:11
libero_spatial,7,paraphrase,0.0000,paraphrase_1,3,none,0.0,,,move the bowl from the stove onto the plate,pick up the black bowl on the stove and place it on the plate,0.8865,1,,,118,3,16.62,2.35,4.81,3,50,360,,language_spatial_canonical,97e1e69,0.6.1,31d453f7edd7,mps-arm64-Apple_M1,2026-10-06T00:24:28
libero_spatial,7,paraphrase,0.0000,paraphrase_0,4,none,0.0,,,take the black bowl sitting on the stove and put it on the plate,pick up the black bowl on the stove and place it on the plate,0.9853,1,,,121,3,16.75,2.49,4.72,4,50,360,,language_spatial_canonical,97e1e69,0.6.1,31d453f7edd7,mps-arm64-Apple_M1,2026-10-06T00:24:45
libero_spatial,7,paraphrase,0.0000,paraphrase_1,4,none,0.0,,,move the bowl from the stove onto the plate,pick up the black bowl on the stove and place it on the plate,0.8865,1,,,121,3,18.41,2.43,5.18,4,50,360,,language_spatial_canonical,97e1e69,0.6.1,31d453f7edd7,mps-arm64-Apple_M1,2026-10-06T00:25:03
libero_spatial,8,paraphrase,0.0000,paraphrase_0,0,none,0.0,,,take the black bowl beside the plate and put it on the plate,pick up the black bowl next to the plate and place it on the plate,0.9766,0,,,280,6,40.77,5.12,11.98,0,50,360,,language_spatial_canonical,97e1e69,0.6.1,31d453f7edd7,mps-arm64-Apple_M1,2026-10-06T00:25:45
libero_spatial,8,paraphrase,0.0000,paraphrase_1,0,none,0.0,,,put the bowl that is next to the plate onto the plate,put the bowl on the plate,0.9254,0,,,280,6,34.26,2.22,10.31,0,50,360,,language_spatial_canonical,97e1e69,0.6.1,31d453f7edd7,mps-arm64-Apple_M1,2026-10-06T00:26:19
libero_spatial,8,paraphrase,0.0000,paraphrase_0,1,none,0.0,,,take the black bowl beside the plate and put it on the plate,pick up the black bowl next to the plate and place it on the plate,0.9766,0,,,280,6,40.85,2.37,13.13,1,50,360,,language_spatial_canonical,97e1e69,0.6.1,31d453f7edd7,mps-arm64-Apple_M1,2026-10-06T00:27:00
libero_spatial,8,paraphrase,0.0000,paraphrase_1,1,none,0.0,,,put the bowl that is next to the plate onto the plate,put the bowl on the plate,0.9254,0,,,280,6,39.36,2.04,12.66,1,50,360,,language_spatial_canonical,97e1e69,0.6.1,31d453f7edd7,mps-arm64-Apple_M1,2026-10-06T00:27:40
libero_spatial,8,paraphrase,0.0000,paraphrase_0,2,none,0.0,,,take the black bowl beside the plate and put it on the plate,pick up the black bowl next to the plate and place it on the plate,0.9766,0,,,280,6,39.93,3.2,12.52,2,50,360,,language_spatial_canonical,97e1e69,0.6.1,31d453f7edd7,mps-arm64-Apple_M1,2026-10-06T00:28:20
libero_spatial,8,paraphrase,0.0000,paraphrase_1,2,none,0.0,,,put the bowl that is next to the plate onto the plate,put the bowl on the plate,0.9254,0,,,280,6,39.28,2.4,12.91,2,50,360,,language_spatial_canonical,97e1e69,0.6.1,31d453f7edd7,mps-arm64-Apple_M1,2026-10-06T00:28:59
libero_spatial,8,paraphrase,0.0000,paraphrase_0,3,none,0.0,,,take the black bowl beside the plate and put it on the plate,pick up the black bowl next to the plate and place it on the plate,0.9766,1,,,93,2,12.16,2.02,3.32,3,50,360,,language_spatial_canonical,97e1e69,0.6.1,31d453f7edd7,mps-arm64-Apple_M1,2026-10-06T00:29:12
libero_spatial,8,paraphrase,0.0000,paraphrase_1,3,none,0.0,,,put the bowl that is next to the plate onto the plate,put the bowl on the plate,0.9254,0,,,280,6,33.93,1.87,10.83,3,50,360,,language_spatial_canonical,97e1e69,0.6.1,31d453f7edd7,mps-arm64-Apple_M1,2026-10-06T00:29:46
libero_spatial,8,paraphrase,0.0000,paraphrase_0,4,none,0.0,,,take the black bowl beside the plate and put it on the plate,pick up the black bowl next to the plate and place it on the plate,0.9766,0,,,280,6,34.75,2.5,10.99,4,50,360,,language_spatial_canonical,97e1e69,0.6.1,31d453f7edd7,mps-arm64-Apple_M1,2026-10-06T00:30:21
libero_spatial,8,paraphrase,0.0000,paraphrase_1,4,none,0.0,,,put the bowl that is next to the plate onto the plate,put the bowl on the plate,0.9254,0,,,280,6,36.0,2.14,11.84,4,50,360,,language_spatial_canonical,97e1e69,0.6.1,31d453f7edd7,mps-arm64-Apple_M1,2026-10-06T00:30:57
libero_spatial,9,paraphrase,0.0000,paraphrase_0,0,none,0.0,,,take the black bowl sitting on the wooden cabinet and put it on the plate,pick up the black bowl on the wooden cabinet and place it on the plate,0.9851,1,,,122,3,19.89,5.12,5.29,0,50,360,,language_spatial_canonical,97e1e69,0.6.1,31d453f7edd7,mps-arm64-Apple_M1,2026-10-06T00:31:18
libero_spatial,9,paraphrase,0.0000,paraphrase_1,0,none,0.0,,,move the bowl from the top of the cabinet onto the plate,pick up the black bowl on the wooden cabinet and place it on the plate,0.8451,1,,,122,3,16.53,2.41,4.79,0,50,360,,language_spatial_canonical,97e1e69,0.6.1,31d453f7edd7,mps-arm64-Apple_M1,2026-10-06T00:31:34
libero_spatial,9,paraphrase,0.0000,paraphrase_0,1,none,0.0,,,take the black bowl sitting on the wooden cabinet and put it on the plate,pick up the black bowl on the wooden cabinet and place it on the plate,0.9851,0,,,280,6,40.07,2.42,13.13,1,50,360,,language_spatial_canonical,97e1e69,0.6.1,31d453f7edd7,mps-arm64-Apple_M1,2026-10-06T00:32:15
libero_spatial,9,paraphrase,0.0000,paraphrase_1,1,none,0.0,,,move the bowl from the top of the cabinet onto the plate,pick up the black bowl on the wooden cabinet and place it on the plate,0.8451,0,,,280,6,32.37,2.16,9.32,1,50,360,,language_spatial_canonical,97e1e69,0.6.1,31d453f7edd7,mps-arm64-Apple_M1,2026-10-06T00:32:47
libero_spatial,9,paraphrase,0.0000,paraphrase_0,2,none,0.0,,,take the black bowl sitting on the wooden cabinet and put it on the plate,pick up the black bowl on the wooden cabinet and place it on the plate,0.9851,1,,,126,3,15.78,1.86,4.8,2,50,360,,language_spatial_canonical,97e1e69,0.6.1,31d453f7edd7,mps-arm64-Apple_M1,2026-10-06T00:33:03
libero_spatial,9,paraphrase,0.0000,paraphrase_1,2,none,0.0,,,move the bowl from the top of the cabinet onto the plate,pick up the black bowl on the wooden cabinet and place it on the plate,0.8451,1,,,126,3,21.23,3.24,6.68,2,50,360,,language_spatial_canonical,97e1e69,0.6.1,31d453f7edd7,mps-arm64-Apple_M1,2026-10-06T00:33:24
libero_spatial,9,paraphrase,0.0000,paraphrase_0,3,none,0.0,,,take the black bowl sitting on the wooden cabinet and put it on the plate,pick up the black bowl on the wooden cabinet and place it on the plate,0.9851,1,,,118,3,16.16,2.17,5.07,3,50,360,,language_spatial_canonical,97e1e69,0.6.1,31d453f7edd7,mps-arm64-Apple_M1,2026-10-06T00:33:41
libero_spatial,9,paraphrase,0.0000,paraphrase_1,3,none,0.0,,,move the bowl from the top of the cabinet onto the plate,pick up the black bowl on the wooden cabinet and place it on the plate,0.8451,1,,,118,3,17.39,2.71,5.23,3,50,360,,language_spatial_canonical,97e1e69,0.6.1,31d453f7edd7,mps-arm64-Apple_M1,2026-10-06T00:33:59
libero_spatial,9,paraphrase,0.0000,paraphrase_0,4,none,0.0,,,take the black bowl sitting on the wooden cabinet and put it on the plate,pick up the black bowl on the wooden cabinet and place it on the plate,0.9851,1,,,124,3,19.73,2.31,6.51,4,50,360,,language_spatial_canonical,97e1e69,0.6.1,31d453f7edd7,mps-arm64-Apple_M1,2026-10-06T00:34:18
libero_spatial,9,paraphrase,0.0000,paraphrase_1,4,none,0.0,,,move the bowl from the top of the cabinet onto the plate,pick up the black bowl on the wooden cabinet and place it on the plate,0.8451,1,,,124,3,18.9,2.7,5.79,4,50,360,,language_spatial_canonical,97e1e69,0.6.1,31d453f7edd7,mps-arm64-Apple_M1,2026-10-06T00:34:38
