eval_id,axis,value,task,episode,success,steps,duration_s
4,camera_orbit,7.5,0,1,1,81,11.5
4,camera_orbit,7.5,0,3,1,77,8.58
4,camera_orbit,7.5,0,4,1,84,8.23
4,camera_orbit,7.5,2,1,1,103,10.13
4,camera_orbit,7.5,2,2,1,95,8.43
4,camera_orbit,7.5,2,3,1,106,10.71
4,camera_orbit,7.5,2,4,1,111,12.55
4,camera_orbit,7.5,4,0,1,131,13.35
4,camera_orbit,7.5,6,4,1,102,11.18
4,camera_orbit,7.5,7,4,1,125,12.54
4,camera_orbit,7.5,9,0,1,118,12.3
4,robot_init,0.03,0,1,1,109,11.65
4,robot_init,0.03,0,3,1,84,8.39
4,robot_init,0.03,0,4,1,76,8.56
4,robot_init,0.03,2,1,1,95,9.05
4,robot_init,0.03,2,2,1,95,8.55
4,robot_init,0.03,2,3,1,97,8.49
4,robot_init,0.03,2,4,1,99,9.04
4,robot_init,0.03,4,0,1,115,11.94
4,robot_init,0.03,6,4,1,98,9.37
4,robot_init,0.03,7,4,1,119,11.39
4,robot_init,0.03,9,0,1,113,10.32
4,light_dimming,0.675,0,1,1,80,8.01
4,light_dimming,0.675,0,3,1,79,7.84
4,light_dimming,0.675,0,4,1,74,7.48
4,light_dimming,0.675,2,1,1,92,8.19
4,light_dimming,0.675,2,2,1,103,9.55
4,light_dimming,0.675,2,3,1,95,8.72
4,light_dimming,0.675,2,4,1,98,8.31
4,light_dimming,0.675,4,0,1,132,10.49
4,light_dimming,0.675,6,4,1,97,8.08
4,light_dimming,0.675,7,4,1,121,10.27
4,light_dimming,0.675,9,0,1,118,10.09
4,image_noise,30.0,0,1,1,75,7.8
4,image_noise,30.0,0,3,1,78,8.06
4,image_noise,30.0,0,4,1,75,7.84
4,image_noise,30.0,2,1,1,90,8.62
4,image_noise,30.0,2,2,1,98,8.98
4,image_noise,30.0,2,3,1,92,8.5
4,image_noise,30.0,2,4,1,93,8.62
4,image_noise,30.0,4,0,1,130,11.16
4,image_noise,30.0,6,4,1,97,8.73
4,image_noise,30.0,7,4,1,275,20.32
4,image_noise,30.0,9,0,1,113,10.54
14,camera_orbit,6.2325,0,1,1,80,7.62
14,camera_orbit,6.2325,0,3,1,79,7.81
14,camera_orbit,6.2325,0,4,1,85,7.91
14,camera_orbit,6.2325,2,1,1,113,9.95
14,camera_orbit,6.2325,2,2,1,95,8.07
14,camera_orbit,6.2325,2,3,1,92,7.9
14,camera_orbit,6.2325,2,4,1,100,8.1
14,camera_orbit,6.2325,4,0,0,280,19.26
14,camera_orbit,6.2325,6,4,1,210,15.7
14,camera_orbit,6.2325,7,4,1,121,10.87
14,camera_orbit,6.2325,9,0,0,280,18.9
14,robot_init,0.0108,0,1,1,82,7.94
14,robot_init,0.0108,0,3,1,84,7.95
14,robot_init,0.0108,0,4,1,79,7.78
14,robot_init,0.0108,2,1,1,97,8.36
14,robot_init,0.0108,2,2,1,99,8.31
14,robot_init,0.0108,2,3,1,105,9.81
14,robot_init,0.0108,2,4,1,105,9.97
14,robot_init,0.0108,4,0,1,122,10.62
14,robot_init,0.0108,6,4,1,100,8.67
14,robot_init,0.0108,7,4,1,122,10.94
14,robot_init,0.0108,9,0,1,115,10.11
14,light_dimming,0.4743,0,1,1,110,10.03
14,light_dimming,0.4743,0,3,1,86,7.82
14,light_dimming,0.4743,0,4,1,79,7.82
14,light_dimming,0.4743,2,1,1,95,8.38
14,light_dimming,0.4743,2,2,1,97,8.71
14,light_dimming,0.4743,2,3,1,98,8.89
14,light_dimming,0.4743,2,4,1,99,8.38
14,light_dimming,0.4743,4,0,1,124,10.28
14,light_dimming,0.4743,6,4,1,103,9.58
14,light_dimming,0.4743,7,4,1,125,10.9
14,light_dimming,0.4743,9,0,1,121,10.52
14,image_noise,25.803,0,1,1,76,8.16
14,image_noise,25.803,0,3,1,76,8.31
14,image_noise,25.803,0,4,1,75,8.22
14,image_noise,25.803,2,1,1,92,8.98
14,image_noise,25.803,2,2,1,99,9.6
14,image_noise,25.803,2,3,0,280,23.08
14,image_noise,25.803,2,4,1,100,9.73
14,image_noise,25.803,4,0,1,123,11.8
14,image_noise,25.803,6,4,1,102,11.24
14,image_noise,25.803,7,4,1,119,14.53
14,image_noise,25.803,9,0,1,119,13.21
51,camera_orbit,5.5328,0,1,1,82,10.05
51,camera_orbit,5.5328,0,3,1,79,10.1
51,camera_orbit,5.5328,0,4,1,84,9.77
51,camera_orbit,5.5328,2,1,1,99,11.12
51,camera_orbit,5.5328,2,2,0,280,23.99
51,camera_orbit,5.5328,2,3,1,97,10.45
51,camera_orbit,5.5328,2,4,0,280,24.25
51,camera_orbit,5.5328,4,0,1,134,13.79
51,camera_orbit,5.5328,6,4,1,106,13.15
51,camera_orbit,5.5328,7,4,1,125,13.39
51,camera_orbit,5.5328,9,0,0,280,24.82
51,robot_init,0.0112,0,1,1,82,9.42
51,robot_init,0.0112,0,3,0,280,26.09
51,robot_init,0.0112,0,4,1,80,9.77
51,robot_init,0.0112,2,1,1,97,10.33
51,robot_init,0.0112,2,2,1,95,10.64
51,robot_init,0.0112,2,3,1,105,12.1
51,robot_init,0.0112,2,4,1,100,12.38
51,robot_init,0.0112,4,0,1,121,13.57
51,robot_init,0.0112,6,4,1,99,13.87
51,robot_init,0.0112,7,4,1,122,14.58
51,robot_init,0.0112,9,0,1,114,13.59
51,light_dimming,0.6012,0,1,1,113,13.49
51,light_dimming,0.6012,0,3,1,82,10.87
51,light_dimming,0.6012,0,4,1,75,9.91
51,light_dimming,0.6012,2,1,1,94,11.53
51,light_dimming,0.6012,2,2,1,104,12.72
51,light_dimming,0.6012,2,3,1,96,11.95
51,light_dimming,0.6012,2,4,1,102,12.2
51,light_dimming,0.6012,4,0,1,127,14.47
51,light_dimming,0.6012,6,4,1,100,11.68
51,light_dimming,0.6012,7,4,1,126,14.51
51,light_dimming,0.6012,9,0,1,117,13.6
51,image_noise,24.345,0,1,1,76,10.73
51,image_noise,24.345,0,3,1,78,10.45
51,image_noise,24.345,0,4,1,75,11.0
51,image_noise,24.345,2,1,0,280,30.11
51,image_noise,24.345,2,2,1,100,12.71
51,image_noise,24.345,2,3,1,93,11.38
51,image_noise,24.345,2,4,1,99,12.37
51,image_noise,24.345,4,0,1,123,14.63
51,image_noise,24.345,6,4,1,100,13.44
51,image_noise,24.345,7,4,1,119,15.67
51,image_noise,24.345,9,0,1,120,16.42
55,camera_orbit,2.1848,0,1,1,113,14.54
55,camera_orbit,2.1848,0,3,1,77,11.13
55,camera_orbit,2.1848,0,4,1,81,11.2
55,camera_orbit,2.1848,2,1,1,99,12.29
55,camera_orbit,2.1848,2,2,1,104,13.66
55,camera_orbit,2.1848,2,3,1,109,15.98
55,camera_orbit,2.1848,2,4,1,109,19.52
55,camera_orbit,2.1848,4,0,0,280,32.3
55,camera_orbit,2.1848,6,4,1,104,15.61
55,camera_orbit,2.1848,7,4,0,280,31.0
55,camera_orbit,2.1848,9,0,1,116,14.42
55,robot_init,0.0098,0,1,1,82,12.74
55,robot_init,0.0098,0,3,1,84,11.63
55,robot_init,0.0098,0,4,1,82,11.44
55,robot_init,0.0098,2,1,1,95,11.82
55,robot_init,0.0098,2,2,1,106,13.74
55,robot_init,0.0098,2,3,1,106,14.54
55,robot_init,0.0098,2,4,1,101,14.45
55,robot_init,0.0098,4,0,1,120,15.83
55,robot_init,0.0098,6,4,1,100,12.62
55,robot_init,0.0098,7,4,1,123,16.23
55,robot_init,0.0098,9,0,1,115,15.29
55,light_dimming,0.675,0,1,1,80,11.61
55,light_dimming,0.675,0,3,1,79,10.98
55,light_dimming,0.675,0,4,1,74,11.66
55,light_dimming,0.675,2,1,1,92,12.13
55,light_dimming,0.675,2,2,1,103,13.86
55,light_dimming,0.675,2,3,1,95,12.91
55,light_dimming,0.675,2,4,1,98,12.47
55,light_dimming,0.675,4,0,1,132,16.71
55,light_dimming,0.675,6,4,1,97,11.87
55,light_dimming,0.675,7,4,1,121,14.35
55,light_dimming,0.675,9,0,1,118,15.1
55,image_noise,18.747,0,1,1,78,11.87
55,image_noise,18.747,0,3,1,81,13.17
55,image_noise,18.747,0,4,1,78,12.64
55,image_noise,18.747,2,1,1,96,14.34
55,image_noise,18.747,2,2,1,103,15.72
55,image_noise,18.747,2,3,1,99,15.39
55,image_noise,18.747,2,4,1,101,14.86
55,image_noise,18.747,4,0,1,128,19.32
55,image_noise,18.747,6,4,1,103,16.64
55,image_noise,18.747,7,4,1,121,20.65
55,image_noise,18.747,9,0,1,122,17.05
56,camera_orbit,6.5948,0,1,1,80,13.7
56,camera_orbit,6.5948,0,3,1,79,12.25
56,camera_orbit,6.5948,0,4,0,280,32.51
56,camera_orbit,6.5948,2,1,0,280,30.53
56,camera_orbit,6.5948,2,2,1,89,12.91
56,camera_orbit,6.5948,2,3,1,96,13.1
56,camera_orbit,6.5948,2,4,1,100,13.81
56,camera_orbit,6.5948,4,0,0,280,31.07
56,camera_orbit,6.5948,6,4,1,280,31.68
56,camera_orbit,6.5948,7,4,1,117,17.47
56,camera_orbit,6.5948,9,0,0,280,33.32
56,robot_init,0.0189,0,1,1,80,11.33
56,robot_init,0.0189,0,3,1,81,12.53
56,robot_init,0.0189,0,4,1,75,11.51
56,robot_init,0.0189,2,1,1,95,12.58
56,robot_init,0.0189,2,2,1,95,12.62
56,robot_init,0.0189,2,3,1,106,14.35
56,robot_init,0.0189,2,4,1,101,14.68
56,robot_init,0.0189,4,0,1,121,14.44
56,robot_init,0.0189,6,4,1,98,12.4
56,robot_init,0.0189,7,4,1,119,14.27
56,robot_init,0.0189,9,0,1,111,14.67
56,light_dimming,0.5634,0,1,0,280,27.3
56,light_dimming,0.5634,0,3,1,83,10.33
56,light_dimming,0.5634,0,4,1,77,10.17
56,light_dimming,0.5634,2,1,1,93,11.44
56,light_dimming,0.5634,2,2,1,105,13.58
56,light_dimming,0.5634,2,3,1,98,13.39
56,light_dimming,0.5634,2,4,1,100,11.78
56,light_dimming,0.5634,4,0,1,127,15.01
56,light_dimming,0.5634,6,4,1,100,12.8
56,light_dimming,0.5634,7,4,1,123,14.36
56,light_dimming,0.5634,9,0,1,118,14.57
56,image_noise,27.474,0,1,1,75,13.0
56,image_noise,27.474,0,3,1,80,14.33
56,image_noise,27.474,0,4,1,76,11.65
56,image_noise,27.474,2,1,1,89,11.7
56,image_noise,27.474,2,2,1,96,12.26
56,image_noise,27.474,2,3,1,93,14.26
56,image_noise,27.474,2,4,1,94,13.54
56,image_noise,27.474,4,0,1,125,17.31
56,image_noise,27.474,6,4,1,100,12.93
56,image_noise,27.474,7,4,0,280,31.11
56,image_noise,27.474,9,0,1,116,15.31
59,camera_orbit,1.8022,0,1,0,280,31.19
59,camera_orbit,1.8022,0,3,1,80,12.62
59,camera_orbit,1.8022,0,4,1,84,11.43
59,camera_orbit,1.8022,2,1,1,96,11.72
59,camera_orbit,1.8022,2,2,1,102,13.24
59,camera_orbit,1.8022,2,3,1,111,15.93
59,camera_orbit,1.8022,2,4,1,106,15.44
59,camera_orbit,1.8022,4,0,0,280,28.28
59,camera_orbit,1.8022,6,4,1,105,13.85
59,camera_orbit,1.8022,7,4,0,280,31.17
59,camera_orbit,1.8022,9,0,0,280,27.75
59,robot_init,0.0198,0,1,1,82,11.41
59,robot_init,0.0198,0,3,1,82,10.99
59,robot_init,0.0198,0,4,1,75,10.19
59,robot_init,0.0198,2,1,1,95,12.26
59,robot_init,0.0198,2,2,1,97,12.47
59,robot_init,0.0198,2,3,1,107,13.06
59,robot_init,0.0198,2,4,1,102,17.21
59,robot_init,0.0198,4,0,1,120,17.32
59,robot_init,0.0198,6,4,1,98,12.82
59,robot_init,0.0198,7,4,1,122,16.05
59,robot_init,0.0198,9,0,1,112,16.86
59,light_dimming,0.5146,0,1,1,110,15.15
59,light_dimming,0.5146,0,3,1,82,11.73
59,light_dimming,0.5146,0,4,1,77,10.9
59,light_dimming,0.5146,2,1,1,97,12.08
59,light_dimming,0.5146,2,2,1,99,12.23
59,light_dimming,0.5146,2,3,1,98,12.4
59,light_dimming,0.5146,2,4,1,103,13.45
59,light_dimming,0.5146,4,0,1,124,14.77
59,light_dimming,0.5146,6,4,1,102,14.27
59,light_dimming,0.5146,7,4,1,125,15.68
59,light_dimming,0.5146,9,0,1,119,16.39
